Date,Time,GHI,GTI,TEMP,PVOUT,WS,WD,RH,PREC,AP,PWAT,SWE
01.12.2019,07:07,182,192,22.3,7463.53,4.5,338,84.9,0,999.2,40,581.11
01.12.2019,07:22,239,257,22.6,10237.608,4.5,339,83.8,0,999,39.6,581.11
01.12.2019,07:37,308,329,22.9,13447.643,4.5,341,82.6,0,998.8,39.3,581.11
01.12.2019,07:52,317,336,23.2,13831.06,4.4,343,81.4,0,998.7,39.1,581.11
01.12.2019,08:07,417,445,23.5,18464.328,4.4,344,80.3,0,998.5,39,581.11
01.12.2019,08:22,461,495,23.8,20615.936,4.6,348,79,0,998.5,38.7,581.11
01.12.2019,08:37,521,558,24.1,23174.258,4.7,351,77.7,0,998.5,38.5,581.11
01.12.2019,08:52,557,596,24.4,24745.295,4.9,354,76.4,0,998.5,38.2,581.11
01.12.2019,09:07,527,557,24.7,23101.967,5,357,75.1,0,998.5,38,581.11
01.12.2019,09:22,495,516,24.9,21413.184,5,0,74.2,0,998.5,37.9,581.11
01.12.2019,09:37,558,588,25.1,24288.98,5,3,73.4,0,998.5,37.9,581.11
01.12.2019,09:52,618,651,25.3,26797.836,5.1,7,72.6,0,998.5,37.9,581.11
01.12.2019,10:07,631,666,25.5,27352.328,5.1,10,71.8,0,998.5,38,581.11
01.12.2019,10:22,694,733,25.6,29944.539,5.1,13,71.7,0,998.5,38.1,581.11
01.12.2019,10:37,673,711,25.8,29026.949,5.2,16,71.5,0,998.5,38.3,581.11
01.12.2019,10:52,538,567,25.9,23435.924,5.3,18,71.4,0,998.5,38.5,581.11
01.12.2019,11:07,654,696,26,28497.955,5.4,21,71.3,0,998.5,38.7,581.11
01.12.2019,11:22,784,836,26,33775.086,5.9,24,71.7,0,998.4,39.1,581.11
01.12.2019,11:37,814,871,26,35089.43,6.4,26,72.1,0,998.3,39.5,581.11
01.12.2019,11:52,816,873,26,35186.344,6.9,27,72.5,0,998.3,39.9,581.11
01.12.2019,12:07,817,879,26,35398.715,7.4,29,72.9,0,998.2,40.2,581.11
01.12.2019,12:22,809,868,26,34996.324,7.6,30,73.1,0,998,40.3,581.11
01.12.2019,12:37,729,780,25.9,31711.111,7.7,32,73.4,0,997.8,40.4,581.11
01.12.2019,12:52,716,767,25.9,31223.23,7.9,33,73.6,0,997.7,40.4,581.11
01.12.2019,13:07,711,763,25.9,31127.555,8.1,34,73.8,0,997.5,40.4,581.11
01.12.2019,13:22,694,747,25.8,30520.289,7.9,34,74,0,997.2,40.4,581.11
01.12.2019,13:37,659,711,25.7,29174.844,7.8,34,74.1,0,996.9,40.3,581.11
01.12.2019,13:52,633,683,25.6,28091.855,7.6,33,74.2,0,996.7,40.2,581.11
01.12.2019,14:07,563,609,25.6,25158.324,7.5,33,74.3,0,996.4,40.1,581.11
01.12.2019,14:22,541,587,25.5,24256.736,7.3,33,74.6,0,996.4,39.8,581.11
01.12.2019,14:37,479,521,25.4,21559.771,7,33,74.8,0,996.3,39.6,581.11
01.12.2019,14:52,444,481,25.3,19875.396,6.8,33,75,0,996.3,39.4,581.11
01.12.2019,15:07,362,392,25.2,16120.75,6.5,33,75.3,0,996.2,39.2,581.11
01.12.2019,15:22,289,312,25,12677.56,6.3,32,75.9,0,996.3,39.3,581.11
01.12.2019,15:37,228,242,24.9,9673.524,6.2,31,76.5,0,996.3,39.3,581.11
01.12.2019,15:52,174,183,24.8,7101.142,6,31,77.1,0,996.4,39.4,581.11
01.12.2019,16:07,129,136,24.6,5020.36,5.8,30,77.7,0,996.5,39.5,581.11
01.12.2019,16:22,69,70,24.4,2277.407,5.7,29,78.4,0,996.7,39.5,581.11
01.12.2019,16:37,42,41,24.1,1169.005,5.7,28,79.2,0,996.9,39.5,581.11
01.12.2019,16:52,20,19,23.8,365.348,5.6,27,79.9,0,997.1,39.5,581.11
01.12.2019,17:07,5,5,23.5,0,5.6,25,80.6,0,997.3,39.5,581.11
01.12.2019,17:22,0,0,23.3,0,5.4,22,80.8,0,997.6,39.3,581.11
01.12.2019,17:37,0,0,23.1,0,5.2,18,81.1,0,997.8,39.1,581.11
01.12.2019,17:52,0,0,22.8,0,5.1,14,81.3,0,998.1,38.8,581.11
01.12.2019,18:07,0,0,22.7,0,5,10,81.6,0,998.3,38.7,581.11
01.12.2019,18:22,0,0,22.5,0,5,10,82,0,998.3,38.6,581.11
01.12.2019,18:37,0,0,22.4,0,5,9,82.4,0,998.3,38.5,581.11
01.12.2019,18:52,0,0,22.3,0,5,9,82.8,0,998.3,38.4,581.11
01.12.2019,19:07,0,0,22.3,0,5,9,83.3,0,998.3,38.3,581.11
01.12.2019,19:22,0,0,22.1,0,4.8,8,83.8,0,998.3,37.9,581.11
01.12.2019,19:37,0,0,22,0,4.6,6,84.4,0,998.3,37.4,581.11
01.12.2019,19:52,0,0,21.9,0,4.5,5,85,0,998.4,36.9,581.11
01.12.2019,20:07,0,0,21.7,0,4.3,4,85.6,0,998.4,36.5,581.11
01.12.2019,20:22,0,0,21.6,0,4.2,360,85.7,0,998.4,36.2,581.11
01.12.2019,20:37,0,0,21.5,0,4.1,355,85.7,0,998.4,36,581.11
01.12.2019,20:52,0,0,21.5,0,4.1,351,85.8,0,998.4,35.9,581.11
01.12.2019,21:07,0,0,21.4,0,4.1,346,85.8,0,998.4,35.7,581.11
01.12.2019,21:22,0,0,21.3,0,4,343,85.8,0,998.4,35.7,581.11
01.12.2019,21:37,0,0,21.3,0,3.9,340,85.7,0,998.5,35.7,581.11
01.12.2019,21:52,0,0,21.2,0,3.8,337,85.6,0,998.6,35.7,581.11
01.12.2019,22:07,0,0,21.2,0,3.8,334,85.5,0,998.6,35.7,581.11
01.12.2019,22:22,0,0,21.2,0,3.8,333,85.5,0,998.6,35.8,581.11
01.12.2019,22:37,0,0,21.1,0,3.8,333,85.5,0,998.6,35.9,581.11
01.12.2019,22:52,0,0,21.1,0,3.8,332,85.4,0,998.6,36,581.11
01.12.2019,23:07,0,0,21.1,0,3.8,331,85.4,0,998.6,36.2,581.11
01.12.2019,23:22,0,0,21.1,0,3.8,333,85,0,998.5,36.3,581.11
01.12.2019,23:37,0,0,21,0,3.7,335,84.6,0,998.5,36.5,581.11
01.12.2019,23:52,0,0,21,0,3.7,337,84.2,0,998.4,36.7,581.11
02.12.2019,00:07,0,0,21,0,3.7,339,83.8,0,998.4,36.9,581.11
02.12.2019,00:22,0,0,21,0,3.8,339,83.4,0,998.2,37.2,581.11
02.12.2019,00:37,0,0,20.9,0,3.9,340,83.1,0,998,37.4,581.11
02.12.2019,00:52,0,0,20.9,0,4,340,82.7,0,997.8,37.7,581.11
02.12.2019,01:07,0,0,20.9,0,4.1,341,82.4,0,997.6,37.9,581.11
02.12.2019,01:22,0,0,20.8,0,4.1,340,82.2,0,997.6,37.9,581.11
02.12.2019,01:37,0,0,20.8,0,4,340,82,0,997.5,38,581.11
02.12.2019,01:52,0,0,20.7,0,3.9,340,81.8,0,997.5,38,581.11
02.12.2019,02:07,0,0,20.7,0,3.9,340,81.6,0,997.4,38,581.11
02.12.2019,02:22,0,0,20.7,0,3.9,341,81.4,0,997.2,38.1,581.11
02.12.2019,02:37,0,0,20.7,0,4,341,81.3,0,997,38.3,581.11
02.12.2019,02:52,0,0,20.7,0,4.1,342,81.1,0,996.8,38.5,581.11
02.12.2019,03:07,0,0,20.7,0,4.2,342,80.9,0,996.6,38.7,581.11
02.12.2019,03:22,0,0,20.8,0,4.3,342,80.3,0,996.8,39,581.11
02.12.2019,03:37,0,0,20.9,0,4.3,342,79.7,0,997,39.3,581.11
02.12.2019,03:52,0,0,21.1,0,4.4,342,79.1,0,997.2,39.6,581.11
02.12.2019,04:07,0,0,21.2,0,4.5,342,78.5,0,997.4,39.9,581.11
02.12.2019,04:22,0,0,21.3,0,4.5,343,78.2,0,997.4,40,581.11
02.12.2019,04:37,0,0,21.5,0,4.5,344,77.9,0,997.4,40,581.11
02.12.2019,04:52,0,0,21.6,0,4.4,345,77.6,0,997.3,40,581.11
02.12.2019,05:07,0,0,21.7,0,4.4,347,77.3,0,997.3,40,581.11
02.12.2019,05:22,0,0,21.7,0,4.4,348,77.5,0,997.6,39.9,581.11
02.12.2019,05:37,0,0,21.8,0,4.4,348,77.8,0,997.9,39.9,581.11
02.12.2019,05:52,4,4,21.8,0,4.4,349,78.1,0,998.1,39.9,581.11
02.12.2019,06:07,22,23,21.8,402.413,4.4,350,78.4,0,998.4,40,581.11
02.12.2019,06:22,56,60,21.8,1520.868,4.4,351,79.4,0,998.4,40.1,581.11
02.12.2019,06:37,93,101,21.8,3346.796,4.3,353,80.4,0,998.4,40.3,581.11
02.12.2019,06:52,133,144,21.8,5189.33,4.3,354,81.4,0,998.3,40.4,581.11
02.12.2019,07:07,182,196,21.9,7545.38,4.3,355,82.5,0,998.4,40.5,581.11
02.12.2019,07:22,242,259,21.9,10365.267,4.3,356,82.9,0,998.6,40.3,581.11
02.12.2019,07:37,288,307,22.1,12559.232,4.4,356,83.4,0,998.8,40,581.11
02.12.2019,07:52,321,339,22.2,14006.068,4.5,356,83.8,0,999.1,39.8,581.11
02.12.2019,08:07,348,365,22.4,15198.734,4.6,357,84.2,0,999.3,39.5,581.11
02.12.2019,08:22,368,385,22.8,16056.038,4.9,2,83.4,0,999.4,39.5,581.11
02.12.2019,08:37,395,413,23.3,17250.012,5.3,7,82.6,0,999.3,39.5,581.11
02.12.2019,08:52,430,449,23.7,18775.316,5.8,11,81.8,0,999.3,39.6,581.11
02.12.2019,09:07,468,488,24.1,20365.188,6.2,14,81,0,999.3,39.7,581.11
02.12.2019,09:22,508,530,24.3,22035.238,6.3,15,80.9,0,999.3,40,581.11
02.12.2019,09:37,535,558,24.4,23161.576,6.4,16,80.9,0,999.3,40.2,581.11
02.12.2019,09:52,551,574,24.4,23756.428,6.5,17,80.9,0,999.3,40.5,581.11
02.12.2019,10:07,561,584,24.5,24148.934,6.5,18,81,0,999.3,40.7,581.11
02.12.2019,10:22,566,589,24.5,24343.725,7,19,80.9,0,999.3,40.9,581.11
02.12.2019,10:37,574,598,24.6,24668.35,7.4,19,80.8,0,999.4,41.1,581.11
02.12.2019,10:52,586,610,24.7,25121.252,7.9,20,80.8,0,999.5,41.3,581.11
02.12.2019,11:07,598,623,24.7,25623.494,8.3,21,80.7,0,999.5,41.5,581.11
02.12.2019,11:22,612,638,24.8,26180.064,8.6,20,80.8,0,999.5,41.8,581.11
02.12.2019,11:37,609,635,24.8,26072.16,9,20,80.9,0,999.4,42.1,581.11
02.12.2019,11:52,591,615,24.7,25298.406,9.3,20,81,0,999.3,42.4,581.11
02.12.2019,12:07,565,588,24.7,24232.762,9.6,19,81.2,0,999.3,42.7,581.11
02.12.2019,12:22,532,554,24.4,22881.039,9.4,20,82.4,0,999,43.1,581.11
02.12.2019,12:37,512,532,24.1,22047.432,9.2,20,83.5,0,998.8,43.4,581.11
02.12.2019,12:52,503,524,23.7,21743.467,9,21,84.7,0,998.5,43.7,581.11
02.12.2019,13:07,497,518,23.4,21527.01,8.8,21,85.9,0,998.3,44,581.11
02.12.2019,13:22,493,514,23.2,21391.52,8.8,21,86.5,0,998.1,44,581.11
02.12.2019,13:37,472,492,23,20499.713,8.9,21,87,0,997.9,43.9,581.11
02.12.2019,13:52,433,447,22.8,18689.633,8.9,20,87.6,0.2,997.7,43.8,581.11
02.12.2019,14:07,391,404,22.7,16880.355,9,20,88.1,0.2,997.6,43.7,581.11
02.12.2019,14:22,347,358,22.7,14912.379,8.8,20,88,0.2,997.5,43.6,581.11
02.12.2019,14:37,307,317,22.6,13127.989,8.6,19,87.9,0.2,997.4,43.5,581.11
02.12.2019,14:52,272,280,22.6,11538.292,8.4,19,87.9,0.2,997.4,43.4,581.11
02.12.2019,15:07,238,244,22.6,9958.961,8.2,19,87.8,0.2,997.3,43.3,581.11
02.12.2019,15:22,203,209,22.5,8391.671,8.2,18,87.8,0.2,997.3,43.1,581.11
02.12.2019,15:37,172,177,22.4,6972.484,8.2,18,87.8,0.2,997.3,43,581.11
02.12.2019,15:52,144,148,22.3,5705.445,8.3,18,87.8,0.2,997.3,42.8,581.11
02.12.2019,16:07,117,121,22.3,4487.469,8.3,17,87.8,0.2,997.3,42.5,581.11
02.12.2019,16:22,91,95,22.2,3325.881,8.4,18,87.6,0.2,997.6,42.1,581.11
02.12.2019,16:37,62,65,22.2,2082.634,8.4,18,87.5,0.2,997.8,41.7,581.11
02.12.2019,16:52,31,32,22.1,778.896,8.3,18,87.4,0.2,998.1,41.3,581.11
02.12.2019,17:07,12,12,22.1,142.328,8.3,19,87.3,0.2,998.3,40.8,581.11
02.12.2019,17:22,0,0,22,0,8.1,18,87.2,0.2,998.4,40.3,581.11
02.12.2019,17:37,0,0,21.9,0,7.8,16,87.2,0.2,998.4,39.7,581.11
02.12.2019,17:52,0,0,21.8,0,7.6,15,87.1,0.1,998.4,39.2,581.11
02.12.2019,18:07,0,0,21.7,0,7.3,14,87,0.1,998.4,38.8,581.11
02.12.2019,18:22,0,0,21.6,0,7.2,13,87,0.1,998.6,38.5,581.11
02.12.2019,18:37,0,0,21.5,0,7,11,87,0.1,998.8,38.3,581.11
02.12.2019,18:52,0,0,21.4,0,6.9,10,87,0.1,999.1,38,581.11
02.12.2019,19:07,0,0,21.3,0,6.8,9,87,0.1,999.4,37.7,581.11
02.12.2019,19:22,0,0,21.3,0,6.8,8,86.9,0.1,999.6,37.3,581.11
02.12.2019,19:37,0,0,21.2,0,6.9,8,86.8,0.1,999.9,36.8,581.11
02.12.2019,19:52,0,0,21.2,0,7,8,86.7,0,1000.2,36.3,581.11
02.12.2019,20:07,0,0,21.1,0,7,8,86.6,0,1000.4,36,581.11
02.12.2019,20:22,0,0,21.1,0,7,7,86.6,0,1000.5,36,581.11
02.12.2019,20:37,0,0,21,0,7,7,86.6,0,1000.5,36.2,581.11
02.12.2019,20:52,0,0,21,0,6.9,6,86.6,0,1000.6,36.5,581.11
02.12.2019,21:07,0,0,20.9,0,6.9,6,86.6,0,1000.6,36.7,581.11
02.12.2019,21:22,0,0,20.9,0,6.7,6,86.7,0,1000.7,37,581.11
02.12.2019,21:37,0,0,20.8,0,6.6,6,86.9,0,1000.7,37.3,581.11
02.12.2019,21:52,0,0,20.8,0,6.5,5,87,0,1000.7,37.5,581.11
02.12.2019,22:07,0,0,20.8,0,6.3,5,87.2,0,1000.7,37.7,581.11
02.12.2019,22:22,0,0,20.8,0,6.4,5,87.2,0,1000.7,37.8,581.11
02.12.2019,22:37,0,0,20.8,0,6.4,5,87.1,0,1000.7,37.8,581.11
02.12.2019,22:52,0,0,20.8,0,6.5,5,87.1,0,1000.7,37.7,581.11
02.12.2019,23:07,0,0,20.8,0,6.5,5,87,0,1000.7,37.5,581.11
02.12.2019,23:22,0,0,20.8,0,6.5,5,86.9,0,1000.6,36.9,581.11
02.12.2019,23:37,0,0,20.9,0,6.5,5,86.8,0,1000.5,36.2,581.11
02.12.2019,23:52,0,0,20.9,0,6.5,4,86.7,0,1000.5,35.4,581.11
03.12.2019,00:07,0,0,20.9,0,6.4,4,86.6,0,1000.4,34.5,581.11
03.12.2019,00:22,0,0,20.8,0,6.3,2,86.5,0,1000.2,33.4,581.11
03.12.2019,00:37,0,0,20.7,0,6.1,1,86.4,0,999.9,32.4,581.11
03.12.2019,00:52,0,0,20.5,0,5.9,359,86.4,0,999.7,31.4,581.11
03.12.2019,01:07,0,0,20.4,0,5.8,358,86.3,0,999.4,30.5,581.11
03.12.2019,01:22,0,0,20.3,0,5.6,356,86.6,0,999.2,30.4,581.11
03.12.2019,01:37,0,0,20.2,0,5.4,355,86.8,0,998.9,30.4,581.11
03.12.2019,01:52,0,0,20.1,0,5.3,353,87,0,998.7,30.5,581.11
03.12.2019,02:07,0,0,20,0,5.1,351,87.3,0,998.4,30.8,581.11
03.12.2019,02:22,0,0,19.9,0,5.1,350,87.5,0,998.2,31.3,581.11
03.12.2019,02:37,0,0,19.8,0,5.1,349,87.7,0,997.9,31.8,581.11
03.12.2019,02:52,0,0,19.7,0,5,348,87.8,0,997.7,32.3,581.11
03.12.2019,03:07,0,0,19.7,0,5,347,88,0,997.4,32.7,581.11
03.12.2019,03:22,0,0,19.7,0,5,347,87.9,0,997.4,32.8,581.11
03.12.2019,03:37,0,0,19.7,0,5,347,87.8,0,997.4,32.8,581.11
03.12.2019,03:52,0,0,19.7,0,5,348,87.6,0,997.4,32.7,581.11
03.12.2019,04:07,0,0,19.8,0,5,348,87.5,0,997.4,32.7,581.11
03.12.2019,04:22,0,0,19.8,0,5,349,87.3,0,997.5,32.7,581.11
03.12.2019,04:37,0,0,19.9,0,5.1,350,87,0,997.5,32.8,581.11
03.12.2019,04:52,0,0,20,0,5.1,352,86.7,0,997.5,32.9,581.11
03.12.2019,05:07,0,0,20.1,0,5.2,353,86.5,0,997.6,32.9,581.11
03.12.2019,05:22,0,0,20.1,0,5.2,355,86.6,0,997.8,32.9,581.11
03.12.2019,05:37,0,0,20.2,0,5.3,357,86.6,0,998,32.8,581.11
03.12.2019,05:52,4,4,20.2,0,5.4,359,86.7,0,998.2,32.8,581.11
03.12.2019,06:07,21,20,20.2,461.16,5.5,0,86.8,0,998.4,32.7,581.11
03.12.2019,06:22,63,71,20.3,1706.269,5.6,1,86.7,0,998.6,32.7,581.11
03.12.2019,06:37,103,114,20.5,3778.613,5.8,3,86.6,0,998.8,32.7,581.11
03.12.2019,06:52,144,158,20.6,5727.841,5.9,4,86.5,0,999,32.8,581.11
03.12.2019,07:07,191,207,20.8,7984.413,6,5,86.4,0,999.2,32.7,581.11
03.12.2019,07:22,243,262,21,10494.502,6.4,6,85.7,0,999.3,32.5,581.11
03.12.2019,07:37,294,315,21.3,12901.788,6.8,8,85,0,999.4,32.2,581.11
03.12.2019,07:52,342,366,21.6,15189.25,7.2,10,84.3,0,999.5,31.9,581.11
03.12.2019,08:07,394,420,21.9,17562.758,7.5,11,83.6,0,999.6,31.5,581.11
03.12.2019,08:22,448,477,22.1,20018.932,7.7,10,82.5,0,999.8,31,581.11
03.12.2019,08:37,491,522,22.4,21903.311,7.8,10,81.4,0,1000,30.5,581.11
03.12.2019,08:52,523,554,22.6,23230.953,7.9,9,80.2,0,1000.2,30.1,581.11
03.12.2019,09:07,547,579,22.8,24207.695,8,9,79.1,0,1000.3,29.7,581.11
03.12.2019,09:22,563,595,23,24848.209,8.1,9,77.9,0,1000.4,29.8,581.11
03.12.2019,09:37,590,624,23.2,26000.166,8.2,10,76.8,0,1000.4,30,581.11
03.12.2019,09:52,629,666,23.4,27653.934,8.3,11,75.6,0,1000.3,30.2,581.11
03.12.2019,10:07,672,715,23.5,29552.504,8.3,12,74.5,0,1000.3,30.5,581.11
03.12.2019,10:22,717,764,23.6,31387.076,8.4,13,74.5,0,1000.1,30.9,581.11
03.12.2019,10:37,745,794,23.7,32529.518,8.6,14,74.5,0,999.9,31.2,581.11
03.12.2019,10:52,757,807,23.8,33000.832,8.7,15,74.5,0,999.7,31.5,581.11
03.12.2019,11:07,766,817,23.9,33356.414,8.8,16,74.5,0,999.5,31.7,581.11
03.12.2019,11:22,773,824,23.9,33598.727,8.8,16,74.4,0,999.3,31.7,581.11
03.12.2019,11:37,763,814,24,33193.715,8.9,16,74.4,0,999,31.7,581.11
03.12.2019,11:52,738,782,24.1,31972.836,8.9,16,74.3,0,998.8,31.6,581.11
03.12.2019,12:07,705,746,24.1,30594.195,8.9,17,74.1,0,998.5,31.5,581.11
03.12.2019,12:22,663,702,24.2,28878.465,9,17,73.7,0,998.3,31.6,581.11
03.12.2019,12:37,634,671,24.2,27676.148,9.1,18,73.3,0,998,31.6,581.11
03.12.2019,12:52,618,654,24.2,27006.508,9.1,19,72.9,0,997.7,31.7,581.11
03.12.2019,13:07,603,639,24.2,26398.736,9.2,20,72.6,0,997.5,31.7,581.11
03.12.2019,13:22,589,625,24.2,25861.035,9.2,20,73.1,0,997.4,31.8,581.11
03.12.2019,13:37,568,603,24.1,25021.738,9.2,19,73.7,0,997.4,31.8,581.11
03.12.2019,13:52,540,574,23.9,23871.154,9.2,19,74.3,0,997.3,31.8,581.11
03.12.2019,14:07,509,543,23.8,22620.256,9.2,19,74.9,0,997.3,31.8,581.11
03.12.2019,14:22,477,510,23.7,21263.723,9,19,75.1,0,997.1,31.8,581.11
03.12.2019,14:37,439,470,23.6,19616.055,8.9,20,75.4,0,996.9,31.8,581.11
03.12.2019,14:52,395,424,23.5,17669.525,8.8,20,75.6,0,996.7,31.8,581.11
03.12.2019,15:07,351,379,23.4,15681.914,8.6,21,75.8,0,996.5,31.7,581.11
03.12.2019,15:22,307,333,23.3,13653.442,8.4,21,76.4,0,996.5,31.6,581.11
03.12.2019,15:37,262,286,23.1,11567.365,8.2,20,76.9,0,996.5,31.5,581.11
03.12.2019,15:52,217,239,22.9,9424.653,8,20,77.5,0,996.5,31.4,581.11
03.12.2019,16:07,169,190,22.7,7132.575,7.8,20,78.1,0,996.5,31.3,581.11
03.12.2019,16:22,119,139,22.5,4807.82,7.6,19,78.7,0,996.8,31.1,581.11
03.12.2019,16:37,77,94,22.2,2853.775,7.3,18,79.4,0,997.1,31,581.11
03.12.2019,16:52,45,57,22,1130.835,7.1,17,80,0,997.3,30.8,581.11
03.12.2019,17:07,16,16,21.7,327.212,6.9,16,80.6,0,997.6,30.7,581.11
03.12.2019,17:22,0,0,21.6,0,6.8,14,80.7,0,997.8,30.7,581.11
03.12.2019,17:37,0,0,21.4,0,6.6,12,80.8,0,998.1,30.7,581.11
03.12.2019,17:52,0,0,21.2,0,6.4,10,80.9,0,998.4,30.6,581.11
03.12.2019,18:07,0,0,21.1,0,6.3,9,81,0,998.6,30.5,581.11
03.12.2019,18:22,0,0,21,0,6.2,8,81.2,0,999.1,30.3,581.11
03.12.2019,18:37,0,0,20.9,0,6.1,7,81.4,0,999.5,30,581.11
03.12.2019,18:52,0,0,20.8,0,6.1,6,81.7,0,1000,29.8,581.11
03.12.2019,19:07,0,0,20.8,0,6,5,81.9,0,1000.4,29.5,581.11
03.12.2019,19:22,0,0,20.7,0,6,4,82.1,0,1000.7,29.4,581.11
03.12.2019,19:37,0,0,20.6,0,5.9,3,82.4,0,1001,29.4,581.11
03.12.2019,19:52,0,0,20.6,0,5.9,3,82.6,0,1001.2,29.4,581.11
03.12.2019,20:07,0,0,20.5,0,5.9,2,82.8,0,1001.4,29.4,581.11
03.12.2019,20:22,0,0,20.4,0,5.6,0,83.1,0,1001.4,29.4,581.11
03.12.2019,20:37,0,0,20.3,0,5.4,359,83.4,0,1001.4,29.5,581.11
03.12.2019,20:52,0,0,20.3,0,5.1,357,83.7,0,1001.4,29.6,581.11
03.12.2019,21:07,0,0,20.2,0,4.9,355,84,0,1001.4,29.8,581.11
03.12.2019,21:22,0,0,20.1,0,4.8,353,84.3,0,1001.5,30,581.11
03.12.2019,21:37,0,0,20,0,4.7,352,84.7,0,1001.5,30.2,581.11
03.12.2019,21:52,0,0,19.9,0,4.7,350,85.1,0,1001.5,30.4,581.11
03.12.2019,22:07,0,0,19.7,0,4.6,349,85.5,0,1001.5,30.5,581.11
03.12.2019,22:22,0,0,19.6,0,4.5,348,85.6,0,1001.2,30.6,581.11
03.12.2019,22:37,0,0,19.5,0,4.4,346,85.6,0,1001,30.7,581.11
03.12.2019,22:52,0,0,19.4,0,4.3,345,85.6,0,1000.7,30.7,581.11
03.12.2019,23:07,0,0,19.4,0,4.2,343,85.6,0,1000.5,30.8,581.11
03.12.2019,23:22,0,0,19.6,0,4.3,343,84.6,0,1000.4,30.8,581.11
03.12.2019,23:37,0,0,19.8,0,4.3,344,83.5,0,1000.4,30.8,581.11
03.12.2019,23:52,0,0,20,0,4.4,344,82.4,0,1000.4,30.9,581.11
04.12.2019,00:07,0,0,20.2,0,4.5,345,81.3,0,1000.4,31,581.11
04.12.2019,00:22,0,0,20.3,0,4.5,347,81.3,0,1000.2,31.1,581.11
04.12.2019,00:37,0,0,20.3,0,4.5,350,81.3,0,1000.1,31.3,581.11
04.12.2019,00:52,0,0,20.4,0,4.6,352,81.4,0,999.8,31.4,581.11
04.12.2019,01:07,0,0,20.4,0,4.6,354,81.4,0,999.7,31.5,581.11
04.12.2019,01:22,0,0,20.4,0,4.7,355,81.8,0,999.6,31.4,581.11
04.12.2019,01:37,0,0,20.3,0,4.8,356,82.3,0,999.5,31.2,581.11
04.12.2019,01:52,0,0,20.3,0,4.9,357,82.7,0,999.5,30.9,581.11
04.12.2019,02:07,0,0,20.3,0,5,358,83.2,0,999.4,30.7,581.11
04.12.2019,02:22,0,0,20.3,0,5.1,360,83.6,0,999.2,30.7,581.11
04.12.2019,02:37,0,0,20.2,0,5.2,1,84,0,999,30.7,581.11
04.12.2019,02:52,0,0,20.2,0,5.3,3,84.5,0,998.8,30.7,581.11
04.12.2019,03:07,0,0,20.2,0,5.4,5,84.9,0,998.7,30.7,581.11
04.12.2019,03:22,0,0,20.3,0,5.6,5,85,0,998.6,30.7,581.11
04.12.2019,03:37,0,0,20.3,0,5.8,6,85.2,0,998.6,30.6,581.11
04.12.2019,03:52,0,0,20.3,0,6,6,85.3,0,998.6,30.4,581.11
04.12.2019,04:07,0,0,20.4,0,6.3,7,85.4,0,998.6,30.3,581.11
04.12.2019,04:22,0,0,20.3,0,6.3,6,85.5,0,998.6,30.1,581.11
04.12.2019,04:37,0,0,20.3,0,6.3,6,85.6,0,998.6,29.8,581.11
04.12.2019,04:52,0,0,20.2,0,6.3,5,85.7,0,998.6,29.5,581.11
04.12.2019,05:07,0,0,20.1,0,6.3,5,85.7,0,998.7,29.2,581.11
04.12.2019,05:22,0,0,20,0,6.3,4,85.6,0,998.9,28.8,581.11
04.12.2019,05:37,0,0,20,0,6.3,3,85.5,0,999.1,28.3,581.11
04.12.2019,05:52,11,11,19.9,116.933,6.4,3,85.4,0,999.4,27.9,581.11
04.12.2019,06:07,26,26,19.9,708.914,6.4,2,85.3,0,999.6,27.5,581.11
04.12.2019,06:22,71,84,20,1915.676,6.4,1,85.2,0,999.8,27.2,581.11
04.12.2019,06:37,90,107,20,3253.247,6.4,1,85.1,0,1000,27,581.11
04.12.2019,06:52,90,106,20.1,3356.371,6.4,0,85,0,1000.2,26.7,581.11
04.12.2019,07:07,149,154,20.3,5939.189,6.4,360,84.8,0,1000.4,26.5,581.11
04.12.2019,07:22,193,200,20.5,7995.17,6.4,1,83.9,0,1000.6,26.2,581.11
04.12.2019,07:37,237,245,20.8,9992.926,6.4,2,82.9,0,1000.8,25.9,581.11
04.12.2019,07:52,279,288,21,11919.147,6.5,3,81.9,0,1001,25.6,581.11
04.12.2019,08:07,326,339,21.3,14145.881,6.6,5,80.8,0,1001.2,25.3,581.11
04.12.2019,08:22,377,394,21.6,16513.773,6.8,5,79.5,0,1001.3,25.1,581.11
04.12.2019,08:37,424,443,21.8,18605.83,7,6,78.2,0,1001.3,24.9,581.11
04.12.2019,08:52,465,486,22.1,20422.611,7.2,6,76.9,0,1001.4,24.8,581.11
04.12.2019,09:07,507,534,22.3,22398.008,7.4,6,75.6,0,1001.4,24.7,581.11
04.12.2019,09:22,549,579,22.5,24237.607,7.4,6,74.7,0,1001.2,24.8,581.11
04.12.2019,09:37,588,621,22.7,25898.785,7.4,5,73.7,0,1001,25,581.11
04.12.2019,09:52,623,659,22.8,27385.732,7.4,5,72.7,0,1000.8,25.3,581.11
04.12.2019,10:07,664,702,23,29106.742,7.4,5,71.8,0,1000.6,25.5,581.11
04.12.2019,10:22,710,757,23.1,31222.34,7.7,6,71.7,0,1000.5,25.8,581.11
04.12.2019,10:37,742,793,23.2,32584.252,8,7,71.6,0,1000.4,26.1,581.11
04.12.2019,10:52,761,813,23.3,33363.113,8.2,9,71.5,0,1000.2,26.3,581.11
04.12.2019,11:07,770,823,23.4,33723.066,8.5,10,71.4,0,1000.1,26.5,581.11
04.12.2019,11:22,770,823,23.5,33672.934,8.5,10,71.4,0,999.9,26.5,581.11
04.12.2019,11:37,767,820,23.6,33567.836,8.6,11,71.4,0,999.7,26.5,581.11
04.12.2019,11:52,763,816,23.6,33407.527,8.6,11,71.4,0,999.5,26.4,581.11
04.12.2019,12:07,756,810,23.7,33155.828,8.6,12,71.3,0,999.3,26.3,581.11
04.12.2019,12:22,747,800,23.7,32812.438,8.6,12,71,0,999,26.1,581.11
04.12.2019,12:37,736,789,23.8,32367.508,8.5,12,70.7,0,998.8,25.9,581.11
04.12.2019,12:52,721,774,23.8,31819.791,8.5,12,70.4,0,998.5,25.7,581.11
04.12.2019,13:07,707,760,23.8,31276.283,8.4,12,70.1,0,998.3,25.4,581.11
04.12.2019,13:22,691,745,23.9,30736.891,8.4,12,70,0,998.1,25.2,581.11
04.12.2019,13:37,669,723,23.9,29902.369,8.3,12,70,0,997.9,24.9,581.11
04.12.2019,13:52,640,694,23.9,28765.531,8.2,13,69.9,0,997.7,24.7,581.11
04.12.2019,14:07,606,660,23.9,27415.561,8.1,13,69.9,0,997.5,24.5,581.11
04.12.2019,14:22,568,623,23.8,25940.805,7.9,13,70.1,0,997.4,24.4,581.11
04.12.2019,14:37,525,579,23.8,24097.271,7.6,12,70.2,0,997.4,24.4,581.11
04.12.2019,14:52,476,526,23.7,21877.16,7.4,11,70.4,0,997.3,24.4,581.11
04.12.2019,15:07,422,468,23.6,19384.33,7.2,10,70.6,0,997.3,24.5,581.11
04.12.2019,15:22,361,402,23.5,16522.826,6.8,11,71.4,0,997.3,24.6,581.11
04.12.2019,15:37,306,345,23.4,13927.077,6.5,11,72.2,0,997.3,24.8,581.11
04.12.2019,15:52,258,295,23.2,11599.279,6.1,12,73,0,997.3,25.1,581.11
04.12.2019,16:07,211,244,23,9253.362,5.8,13,73.8,0,997.3,25.3,581.11
04.12.2019,16:22,165,193,22.7,6962.564,5.8,14,74.9,0,997.4,25.6,581.11
04.12.2019,16:37,118,141,22.3,4696.428,5.8,14,76.1,0,997.4,26,581.11
04.12.2019,16:52,70,88,21.9,2083.261,5.9,14,77.2,0,997.5,26.4,581.11
04.12.2019,17:07,24,23,21.5,651.773,5.9,14,78.3,0,997.6,26.7,581.11
04.12.2019,17:22,0,0,21.2,0,5.8,13,78.4,0,997.9,27,581.11
04.12.2019,17:37,0,0,21,0,5.7,11,78.5,0,998.1,27.1,581.11
04.12.2019,17:52,0,0,20.7,0,5.6,9,78.5,0,998.4,27.3,581.11
04.12.2019,18:07,0,0,20.6,0,5.5,7,78.6,0,998.6,27.5,581.11
04.12.2019,18:22,0,0,20.5,0,5.2,3,78.4,0,998.8,27.6,581.11
04.12.2019,18:37,0,0,20.5,0,5,359,78.3,0,999,27.6,581.11
04.12.2019,18:52,0,0,20.4,0,4.7,355,78.1,0,999.2,27.7,581.11
04.12.2019,19:07,0,0,20.4,0,4.5,350,77.9,0,999.4,27.7,581.11
04.12.2019,19:22,0,0,20.4,0,4.3,350,77.7,0,999.7,27.7,581.11
04.12.2019,19:37,0,0,20.5,0,4.2,350,77.4,0,999.9,27.7,581.11
04.12.2019,19:52,0,0,20.4,0,4,350,77.2,0,1000.2,27.7,581.11
04.12.2019,20:07,0,0,20.4,0,3.9,349,77,0,1000.4,27.7,581.11
04.12.2019,20:22,0,0,20.2,0,3.8,349,77.7,0,1000.5,27.8,581.11
04.12.2019,20:37,0,0,20,0,3.7,348,78.5,0,1000.5,27.8,581.11
04.12.2019,20:52,0,0,19.7,0,3.7,347,79.2,0,1000.6,27.8,581.11
04.12.2019,21:07,0,0,19.5,0,3.6,346,80,0,1000.6,27.9,581.11
04.12.2019,21:22,0,0,19.4,0,3.7,344,80,0,1000.6,28.1,581.11
04.12.2019,21:37,0,0,19.2,0,3.8,342,80,0,1000.6,28.2,581.11
04.12.2019,21:52,0,0,19.2,0,3.9,340,79.9,0,1000.7,28.4,581.11
04.12.2019,22:07,0,0,19.1,0,4,338,79.9,0,1000.7,28.5,581.11
04.12.2019,22:22,0,0,19,0,4,339,79.6,0,1000.6,28.7,581.11
04.12.2019,22:37,0,0,18.9,0,4,339,79.4,0,1000.6,28.7,581.11
04.12.2019,22:52,0,0,18.9,0,4,340,79.1,0,1000.5,28.8,581.11
04.12.2019,23:07,0,0,18.8,0,4.1,341,78.9,0,1000.5,28.9,581.11
04.12.2019,23:22,0,0,18.7,0,4.1,341,79,0,1000.4,28.9,581.11
04.12.2019,23:37,0,0,18.6,0,4.2,341,79.1,0,1000.4,28.9,581.11
04.12.2019,23:52,0,0,18.5,0,4.2,341,79.2,0,1000.4,28.9,581.11
05.12.2019,00:07,0,0,18.5,0,4.3,341,79.3,0,1000.3,28.9,581.11
05.12.2019,00:22,0,0,18.5,0,4.3,340,79.4,0,1000.1,28.9,581.11
05.12.2019,00:37,0,0,18.6,0,4.3,339,79.5,0,999.9,28.8,581.11
05.12.2019,00:52,0,0,18.6,0,4.3,338,79.5,0,999.7,28.8,581.11
05.12.2019,01:07,0,0,18.7,0,4.3,337,79.6,0,999.5,28.7,581.11
05.12.2019,01:22,0,0,18.7,0,4.3,338,80.1,0,999.3,28.6,581.11
05.12.2019,01:37,0,0,18.6,0,4.3,339,80.6,0,999.1,28.4,581.11
05.12.2019,01:52,0,0,18.6,0,4.2,340,81.1,0,998.9,28.2,581.11
05.12.2019,02:07,0,0,18.5,0,4.2,342,81.6,0,998.7,28,581.11
05.12.2019,02:22,0,0,18.5,0,4.4,342,81.7,0,998.7,27.8,581.11
05.12.2019,02:37,0,0,18.4,0,4.5,343,81.9,0,998.7,27.6,581.11
05.12.2019,02:52,0,0,18.4,0,4.6,344,82,0,998.7,27.4,581.11
05.12.2019,03:07,0,0,18.3,0,4.7,345,82.2,0,998.7,27.3,581.11
05.12.2019,03:22,0,0,18.3,0,4.7,346,82.5,0,998.7,27.3,581.11
05.12.2019,03:37,0,0,18.3,0,4.7,347,82.9,0,998.7,27.3,581.11
05.12.2019,03:52,0,0,18.3,0,4.7,348,83.3,0,998.7,27.4,581.11
05.12.2019,04:07,0,0,18.2,0,4.7,350,83.7,0,998.7,27.5,581.11
05.12.2019,04:22,0,0,18.2,0,4.7,349,84.2,0,998.7,27.6,581.11
05.12.2019,04:37,0,0,18.1,0,4.7,348,84.6,0,998.7,27.7,581.11
05.12.2019,04:52,0,0,18.1,0,4.7,347,85,0,998.7,27.8,581.11
05.12.2019,05:07,0,0,18.2,0,4.7,346,85.4,0,998.7,27.9,581.11
05.12.2019,05:22,0,0,18.3,0,4.7,346,84.7,0,998.9,27.9,581.11
05.12.2019,05:37,0,0,18.5,0,4.7,347,84,0,999.2,27.8,581.11
05.12.2019,05:52,0,0,18.7,0,4.6,347,83.3,0,999.4,27.8,581.11
05.12.2019,06:07,25,25,18.9,672.419,4.6,347,82.6,0,999.6,27.7,581.11
05.12.2019,06:22,67,75,19,1912.97,4.6,347,83,0,999.9,27.7,581.11
05.12.2019,06:37,102,113,19.1,3811.175,4.5,347,83.5,0,1000.1,27.7,581.11
05.12.2019,06:52,139,151,19.2,5536.784,4.5,347,84,0,1000.3,27.7,581.11
05.12.2019,07:07,180,194,19.3,7548.01,4.5,347,84.4,0,1000.5,27.7,581.11
05.12.2019,07:22,228,244,19.6,9827.686,4.7,345,83.2,0,1000.5,27.9,581.11
05.12.2019,07:37,276,296,20,12147.991,4.8,344,81.9,0,1000.5,28.1,581.11
05.12.2019,07:52,326,348,20.4,14487.806,5,343,80.5,0,1000.6,28.3,581.11
05.12.2019,08:07,386,412,20.8,17312.395,5.2,343,79.2,0,1000.6,28.5,581.11
05.12.2019,08:22,458,493,21.2,20727.309,5.2,345,77.6,0,1000.6,28.5,581.11
05.12.2019,08:37,520,560,21.6,23544.406,5.3,347,76,0,1000.6,28.4,581.11
05.12.2019,08:52,574,617,22,25883.754,5.4,349,74.4,0,1000.6,28.3,581.11
05.12.2019,09:07,626,673,22.3,28111.67,5.4,352,72.8,0,1000.6,28.3,581.11
05.12.2019,09:22,677,730,22.5,30337.15,5.5,357,72.2,0,1000.6,28.4,581.11
05.12.2019,09:37,719,775,22.7,32094.65,5.6,2,71.5,0,1000.6,28.5,581.11
05.12.2019,09:52,754,812,22.8,33487.273,5.8,7,70.9,0,1000.6,28.6,581.11
05.12.2019,10:07,783,843,22.9,34653.098,6,12,70.3,0,1000.6,28.7,581.11
05.12.2019,10:22,808,869,23.1,35595.629,6.1,11,69.8,0,1000.3,28.7,581.11
05.12.2019,10:37,827,890,23.3,36329.762,6.1,9,69.3,0,1000.1,28.7,581.11
05.12.2019,10:52,842,906,23.5,36861.5,6.2,8,68.9,0,999.8,28.7,581.11
05.12.2019,11:07,852,917,23.6,37223.219,6.2,6,68.4,0,999.5,28.7,581.11
05.12.2019,11:22,857,923,23.8,37418.305,6.4,5,67.9,0,999.3,28.7,581.11
05.12.2019,11:37,859,925,24,37475.68,6.5,3,67.5,0,999,28.7,581.11
05.12.2019,11:52,857,924,24.2,37396.695,6.6,2,67,0,998.7,28.7,581.11
05.12.2019,12:07,852,919,24.4,37203.91,6.8,1,66.6,0,998.5,28.7,581.11
05.12.2019,12:22,843,911,24.5,36903.824,6.7,1,66.4,0,998.2,28.7,581.11
05.12.2019,12:37,830,898,24.6,36414.078,6.6,2,66.2,0,998,28.7,581.11
05.12.2019,12:52,811,879,24.6,35730.629,6.5,3,66,0,997.7,28.7,581.11
05.12.2019,13:07,788,856,24.7,34866.512,6.5,3,65.8,0,997.5,28.7,581.11
05.12.2019,13:22,761,828,24.8,33819.684,6.4,6,65.7,0,997.4,28.7,581.11
05.12.2019,13:37,729,795,24.8,32585.949,6.4,8,65.7,0,997.4,28.7,581.11
05.12.2019,13:52,693,758,24.9,31158.484,6.4,10,65.6,0,997.3,28.7,581.11
05.12.2019,14:07,652,716,24.9,29498.57,6.5,12,65.6,0,997.2,28.7,581.11
05.12.2019,14:22,606,668,24.8,27603.477,6.5,13,66.2,0,997.2,28.7,581.11
05.12.2019,14:37,559,618,24.7,25598.648,6.5,13,66.8,0,997.2,28.7,581.11
05.12.2019,14:52,510,568,24.5,23476.273,6.4,13,67.4,0,997.1,28.7,581.11
05.12.2019,15:07,458,513,24.4,21136.094,6.4,13,68,0,997.1,28.7,581.11
05.12.2019,15:22,402,454,24.3,18572.244,6.3,13,69.1,0,997.1,28.7,581.11
05.12.2019,15:37,348,395,24.1,15925.892,6.2,12,70.1,0,997.1,28.7,581.11
05.12.2019,15:52,296,339,24,13383.686,6,12,71.2,0,997.1,28.7,581.11
05.12.2019,16:07,243,283,23.8,10774.731,5.9,12,72.2,0,997.1,28.7,581.11
05.12.2019,16:22,190,225,23.4,8154.96,5.8,12,73.1,0,997.2,28.9,581.11
05.12.2019,16:37,136,165,23.1,5564.977,5.8,12,73.9,0,997.3,29.2,581.11
05.12.2019,16:52,81,104,22.7,2567.675,5.8,11,74.8,0,997.4,29.5,581.11
05.12.2019,17:07,26,26,22.3,790.429,5.8,11,75.6,0,997.5,29.7,581.11
06.12.2019,05:22,0,0,17.9,0,5.1,329,76.5,0,999.5,29.5,581.11
06.12.2019,05:37,0,0,18,0,5.2,331,76.4,0,999.5,29.6,581.11
06.12.2019,05:52,0,0,18,0,5.3,332,76.4,0,999.6,29.6,581.11
06.12.2019,06:07,25,25,18.1,676.973,5.4,333,76.3,0,999.7,29.7,581.11
06.12.2019,06:22,70,81,18.2,1928.217,5.4,335,76.9,0,999.9,29.7,581.11
06.12.2019,06:37,108,123,18.4,4091.696,5.4,337,77.4,0,1000.2,29.7,581.11
06.12.2019,06:52,147,162,18.7,5908.963,5.3,339,77.9,0,1000.3,29.7,581.11
06.12.2019,07:07,192,210,18.9,8123.668,5.3,341,78.4,0,1000.3,29.7,581.11
06.12.2019,07:22,245,265,19.3,10660.988,5.5,343,77.6,0,997.7,29.7,581.11
06.12.2019,07:37,295,318,19.7,13095.82,5.6,344,76.9,0,994.9,29.8,581.11
06.12.2019,07:52,344,369,20.1,15400.945,5.8,346,76.1,0,992.1,29.9,581.11
06.12.2019,08:07,396,424,20.5,17805.961,6,348,75.3,0,989.3,30,581.11
06.12.2019,08:22,450,485,20.9,20437.623,6.2,349,74.5,0,989,30.1,581.11
06.12.2019,08:37,502,540,21.3,22752.354,6.3,351,73.7,0,988.9,30.2,581.11
06.12.2019,08:52,550,591,21.6,24866.74,6.5,352,73,0,989,30.3,581.11
06.12.2019,09:07,603,648,22.1,27138.162,6.7,353,72.2,0,989.4,30.4,581.11
06.12.2019,09:22,661,712,22.5,29643.719,6.9,355,71.4,0,992.2,30.4,581.11
06.12.2019,09:37,702,756,22.9,31297.225,7.1,356,70.7,0,995.1,30.5,581.11
06.12.2019,09:52,728,780,23.3,32132.068,7.3,357,69.9,0,997.9,30.6,581.11
06.12.2019,10:07,733,784,23.6,32212.889,7.5,358,69.1,0,1000.3,30.7,581.11
06.12.2019,10:22,717,766,23.7,31478.877,7.5,358,69.2,0,997.8,31,581.11
06.12.2019,10:37,707,754,23.8,30991.596,7.6,359,69.3,0,994.8,31.2,581.11
06.12.2019,10:52,703,749,23.8,30757.039,7.6,359,69.4,0,991.8,31.5,581.11
06.12.2019,11:07,694,734,23.8,30200.506,7.6,359,69.6,0,988.8,31.7,581.11
06.12.2019,11:22,681,721,23.9,29643.48,7.6,360,69.7,0,988.2,32,581.11
06.12.2019,11:37,671,710,23.9,29212.926,7.6,0,69.8,0,987.9,32.2,581.11
06.12.2019,11:52,664,702,24,28911.275,7.7,0,69.9,0,987.9,32.5,581.11
06.12.2019,12:07,655,694,24.1,28582.387,7.7,1,70,0,988.1,32.7,581.11
06.12.2019,12:22,646,685,24.1,28226.557,7.7,1,70.1,0,990.8,33,581.11
06.12.2019,12:37,629,667,24.2,27530.312,7.8,2,70.2,0,993.5,33.3,581.11
06.12.2019,12:52,605,641,24.3,26489.537,7.8,2,70.3,0,996,33.5,581.11
06.12.2019,13:07,568,601,24.3,24895.615,7.8,2,70.4,0,998.3,33.7,581.11
06.12.2019,13:22,518,542,24.1,22542.039,7.7,2,70.9,0,995.8,33.8,581.11
06.12.2019,13:37,473,495,24,20612.701,7.6,2,71.4,0,993,33.9,581.11
06.12.2019,13:52,434,454,23.8,18918,7.5,2,72,0,990.1,34,581.11
06.12.2019,14:07,390,407,23.6,16939.348,7.4,2,72.5,0,987.2,34,581.11
06.12.2019,14:22,339,350,23.4,14542.209,7.3,2,73,0,986.8,34.1,581.11
06.12.2019,14:37,293,301,23.2,12442.363,7.2,1,73.6,0,986.6,34.2,581.11
06.12.2019,14:52,251,257,23,10517.74,7.1,1,74.1,0,986.6,34.3,581.11
06.12.2019,15:07,203,207,22.9,8306.339,6.9,1,74.7,0,987,34.4,581.11
06.12.2019,15:22,149,149,22.7,5776.408,6.8,1,75.2,0,989.7,34.4,581.11
06.12.2019,15:37,110,110,22.5,4051.939,6.7,1,75.7,0,992.5,34.5,581.11
06.12.2019,15:52,87,86,22.3,3045.264,6.6,0,76.3,0,995.2,34.6,581.11
06.12.2019,16:07,68,67,22.1,2241.5,6.5,0,76.8,0,997.6,34.7,581.11
06.12.2019,16:22,53,53,22.1,1636.263,6.5,360,76.5,0,995.3,34.8,581.11
06.12.2019,16:37,38,38,22.1,1043.207,6.4,360,76.1,0,992.7,35,581.11
06.12.2019,16:52,23,23,22,483.769,6.4,359,75.7,0,990,35.2,581.11
06.12.2019,17:07,12,11,22,131.572,6.3,359,75.4,0,987.3,35.4,581.11
06.12.2019,17:22,0,0,22,0,6.3,359,75,0,987,35.5,581.11
06.12.2019,17:37,0,0,22,0,6.3,358,74.7,0,987.1,35.7,581.11
06.12.2019,17:52,0,0,21.9,0,6.2,358,74.3,0,987.3,35.9,581.11
06.12.2019,18:07,0,0,21.9,0,6.2,358,74,0,987.9,36,581.11
06.12.2019,18:22,0,0,21.9,0,6.2,357,73.6,0,990.9,36.2,581.11
06.12.2019,18:37,0,0,21.8,0,6.1,357,73.2,0,993.9,36.4,581.11
06.12.2019,18:52,0,0,21.8,0,6.1,357,72.9,0,996.8,36.6,581.11
06.12.2019,19:07,0,0,21.8,0,6,356,72.6,0,999.4,36.7,581.11
06.12.2019,19:22,0,0,21.7,0,5.9,356,72.8,0,997,36.8,581.11
06.12.2019,19:37,0,0,21.6,0,5.8,355,73.1,0,994.4,36.8,581.11
06.12.2019,19:52,0,0,21.6,0,5.7,354,73.3,0,991.6,36.8,581.11
06.12.2019,20:07,0,0,21.5,0,5.7,354,73.6,0,988.8,36.8,581.11
06.12.2019,20:22,0,0,21.4,0,5.6,353,73.9,0,988.5,36.8,581.11
06.12.2019,20:37,0,0,21.3,0,5.5,352,74.1,0,988.4,36.8,581.11
06.12.2019,20:52,0,0,21.3,0,5.4,352,74.4,0,988.6,36.8,581.11
06.12.2019,21:07,0,0,21.2,0,5.3,351,74.6,0,989.1,36.8,581.11
06.12.2019,21:22,0,0,21.1,0,5.2,350,74.9,0,992.1,36.9,581.11
06.12.2019,21:37,0,0,21.1,0,5.1,349,75.2,0,995.1,36.9,581.11
06.12.2019,21:52,0,0,21,0,5,348,75.4,0,997.9,36.9,581.11
06.12.2019,22:07,0,0,20.9,0,4.9,348,75.7,0,1000.4,36.9,581.11
06.12.2019,22:22,0,0,20.9,0,4.9,348,76.3,0,997.9,37,581.11
06.12.2019,22:37,0,0,20.8,0,4.9,348,76.9,0,995.1,37.1,581.11
06.12.2019,22:52,0,0,20.7,0,4.9,348,77.5,0,992.1,37.2,581.11
06.12.2019,23:07,0,0,20.7,0,4.9,348,78.1,0,989.1,37.3,581.11
06.12.2019,23:22,0,0,20.6,0,4.9,348,78.7,0,988.6,37.4,581.11
06.12.2019,23:37,0,0,20.6,0,4.8,348,79.2,0,988.4,37.5,581.11
06.12.2019,23:52,0,0,20.5,0,4.8,348,79.8,0,988.5,37.6,581.11
07.12.2019,00:07,0,0,20.5,0,4.8,348,80.4,0,988.8,37.7,581.11
07.12.2019,00:22,0,0,20.4,0,4.8,348,81,0,991.6,37.9,581.11
07.12.2019,00:37,0,0,20.3,0,4.8,348,81.6,0,994.4,38,581.11
07.12.2019,00:52,0,0,20.3,0,4.8,348,82.2,0,997.1,38.1,581.11
07.12.2019,01:07,0,0,20.2,0,4.8,348,82.8,0,999.4,38.2,581.11
07.12.2019,01:22,0,0,20.2,0,4.8,348,83,0,996.9,38.2,581.11
07.12.2019,01:37,0,0,20.2,0,4.8,348,83.1,0,994.1,38.1,581.11
07.12.2019,01:52,0,0,20.2,0,4.8,348,83.3,0,991.1,38.1,581.11
07.12.2019,02:07,0,0,20.2,0,4.8,348,83.4,0,988.2,38.1,581.11
07.12.2019,02:22,0,0,20.2,0,4.8,348,83.5,0,987.7,38.1,581.11
07.12.2019,02:37,0,0,20.2,0,4.8,348,83.7,0,987.5,38.1,581.11
07.12.2019,02:52,0,0,20.2,0,4.8,348,83.8,0,987.6,38,581.11
07.12.2019,03:07,0,0,20.2,0,4.8,348,84,0,988,38,581.11
07.12.2019,03:22,0,0,20.2,0,4.8,349,84.1,0,990.7,38,581.11
07.12.2019,03:37,0,0,20.1,0,4.8,349,84.2,0,993.6,38,581.11
07.12.2019,03:52,0,0,20.1,0,4.8,349,84.4,0,996.3,38,581.11
07.12.2019,04:07,0,0,20.1,0,4.8,349,84.5,0,998.7,38,581.11
07.12.2019,04:22,0,0,20.1,0,4.7,349,84.6,0,996.3,38,581.11
07.12.2019,04:37,0,0,20.2,0,4.7,349,84.6,0,993.6,38.1,581.11
07.12.2019,04:52,0,0,20.2,0,4.7,349,84.6,0,990.8,38.1,581.11
07.12.2019,05:07,0,0,20.2,0,4.7,349,84.7,0,988,38.2,581.11
07.12.2019,05:22,0,0,20.2,0,4.7,349,84.7,0,987.7,38.3,581.11
07.12.2019,05:37,0,0,20.2,0,4.6,349,84.7,0,987.7,38.3,581.11
07.12.2019,05:52,0,0,20.2,0,4.6,349,84.7,0,987.9,38.4,581.11
07.12.2019,06:07,9,9,20.2,67.683,4.6,349,84.8,0,988.4,38.5,581.11
07.12.2019,06:22,20,19,20.2,381.997,4.6,349,84.8,0,991.3,38.5,581.11
07.12.2019,06:37,30,30,20.2,747.184,4.6,349,84.9,0,994.3,38.6,581.11
07.12.2019,06:52,41,40,20.2,1130.149,4.5,349,84.9,0,997.1,38.7,581.11
07.12.2019,07:07,50,49,20.3,1516.144,4.5,349,84.9,0,999.7,38.7,581.11
07.12.2019,07:22,60,59,20.4,1895.973,4.6,349,84.5,0,997.3,38.7,581.11
07.12.2019,07:37,69,68,20.5,2280.996,4.6,350,84.1,0,994.6,38.7,581.11
07.12.2019,07:52,79,77,20.7,2671.703,4.6,351,83.7,0,991.8,38.7,581.11
07.12.2019,08:07,88,87,20.8,3079.246,4.6,352,83.3,0,989,38.7,581.11
07.12.2019,08:22,98,96,21,3502.985,4.7,353,82.8,0,988.7,38.7,581.11
07.12.2019,08:37,108,106,21.1,3913.437,4.7,353,82.4,0,988.7,38.7,581.11
07.12.2019,08:52,117,115,21.3,4309.598,4.7,354,82,0,988.9,38.7,581.11
07.12.2019,09:07,127,125,21.4,4736.216,4.8,355,81.6,0,989.4,38.7,581.11
07.12.2019,09:22,137,135,21.6,5193.042,4.8,356,81.2,0,992.3,38.7,581.11
07.12.2019,09:37,148,146,21.7,5640.008,4.8,357,80.8,0,995.3,38.7,581.11
07.12.2019,09:52,158,156,21.9,6077.046,4.9,357,80.3,0,998.1,38.7,581.11
07.12.2019,10:07,170,168,22,6628.745,4.9,358,79.9,0,1000.6,38.7,581.11
07.12.2019,10:22,185,184,22.1,7296.459,5.1,358,79.9,0,998,38.6,581.11
07.12.2019,10:37,199,197,22.1,7873.232,5.2,358,79.9,0,995.1,38.6,581.11
07.12.2019,10:52,210,208,22.2,8358.979,5.3,358,79.9,0,992,38.5,581.11
07.12.2019,11:07,224,222,22.2,8973.076,5.5,358,79.8,0,989,38.4,581.11
07.12.2019,11:22,241,239,22.3,9715.261,5.6,358,79.8,0,988.5,38.3,581.11
07.12.2019,11:37,254,253,22.3,10323.218,5.8,358,79.8,0,988.2,38.2,581.11
07.12.2019,11:52,265,264,22.4,10797.619,5.9,358,79.8,0,988.1,38.1,581.11
07.12.2019,12:07,280,279,22.5,11461.3,6,358,79.7,0,988.4,38.1,581.11
07.12.2019,12:22,299,299,22.5,12312.937,6.2,358,79.7,0,991,38,581.11
07.12.2019,12:37,306,306,22.6,12643.386,6.3,358,79.7,0,993.7,37.9,581.11
07.12.2019,12:52,302,302,22.6,12454.103,6.5,358,79.7,0,996.3,37.8,581.11
07.12.2019,13:07,288,288,22.7,11871.973,6.6,358,79.6,0,998.6,37.7,581.11
07.12.2019,13:22,266,266,22.7,10894.953,6.5,359,79.8,0,996.1,37.7,581.11
07.12.2019,13:37,246,246,22.7,10013.478,6.4,359,79.9,0,993.4,37.7,581.11
07.12.2019,13:52,228,228,22.7,9228.805,6.3,360,80.1,0,990.5,37.7,581.11
07.12.2019,14:07,209,208,22.7,8352.546,6.2,0,80.2,0,987.6,37.7,581.11
07.12.2019,14:22,187,186,22.7,7385.071,6.2,0,80.4,0,987.2,37.7,581.11
07.12.2019,14:37,166,165,22.7,6482.233,6.1,1,80.5,0,987.1,37.7,581.11
07.12.2019,14:52,147,146,22.7,5645.219,6,1,80.6,0,987.2,37.7,581.11
07.12.2019,15:07,127,125,22.7,4731.059,5.9,2,80.8,0,987.6,37.7,581.11
07.12.2019,15:22,104,103,22.7,3744.479,5.8,2,80.9,0,990.3,37.7,581.11
07.12.2019,15:37,85,84,22.7,2949.34,5.7,3,81.1,0,993.2,37.7,581.11
07.12.2019,15:52,71,70,22.7,2342.861,5.7,3,81.2,0,995.9,37.7,581.11
07.12.2019,16:07,58,57,22.6,1790.938,5.6,4,81.3,0,998.3,37.7,581.11
07.12.2019,16:22,45,44,22.5,1297.814,5.5,3,81.5,0,996.1,37.7,581.11
07.12.2019,16:37,33,32,22.4,819.847,5.4,2,81.7,0,993.5,37.7,581.11
07.12.2019,16:52,20,19,22.3,373.032,5.3,2,81.8,0,990.8,37.7,581.11
07.12.2019,17:07,10,10,22.2,89.588,5.2,1,82,0,988.1,37.7,581.11
07.12.2019,17:22,0,0,22.1,0,5.1,360,82.1,0,987.9,37.8,581.11
07.12.2019,17:37,0,0,22,0,5,359,82.3,0,987.9,37.8,581.11
07.12.2019,17:52,0,0,21.8,0,4.9,358,82.4,0,988.2,37.8,581.11
07.12.2019,18:07,0,0,21.7,0,4.8,357,82.6,0,988.8,37.8,581.11
07.12.2019,18:22,0,0,21.6,0,4.8,356,82.7,0,991.8,37.8,581.11
07.12.2019,18:37,0,0,21.5,0,4.7,355,82.9,0,994.9,37.8,581.11
07.12.2019,18:52,0,0,21.4,0,4.6,354,83,0,997.8,37.8,581.11
07.12.2019,19:07,0,0,21.3,0,4.5,353,83.2,0,1000.4,37.8,581.11
07.12.2019,19:22,0,0,21.3,0,4.5,353,83,0,998,37.8,581.11
07.12.2019,19:37,0,0,21.3,0,4.5,354,82.8,0,995.3,37.9,581.11
07.12.2019,19:52,0,0,21.3,0,4.4,354,82.5,0,992.4,37.9,581.11
07.12.2019,20:07,0,0,21.4,0,4.4,354,82.3,0,989.6,37.9,581.11
07.12.2019,20:22,0,0,21.4,0,4.4,354,82.1,0,989.2,38,581.11
07.12.2019,20:37,0,0,21.4,0,4.4,355,81.9,0,989,38,581.11
07.12.2019,20:52,0,0,21.4,0,4.4,355,81.6,0,989.2,38,581.11
07.12.2019,21:07,0,0,21.4,0,4.3,355,81.4,0,989.6,38.1,581.11
07.12.2019,21:22,0,0,21.5,0,4.3,355,81.2,0,992.5,38.1,581.11
07.12.2019,21:37,0,0,21.5,0,4.3,356,81,0,995.4,38.1,581.11
07.12.2019,21:52,0,0,21.5,0,4.3,356,80.7,0,998.2,38.2,581.11
07.12.2019,22:07,0,0,21.5,0,4.3,356,80.5,0,1000.6,38.2,581.11
07.12.2019,22:22,0,0,21.5,0,4.2,356,80.4,0,998.1,38.3,581.11
07.12.2019,22:37,0,0,21.5,0,4.2,355,80.4,0,995.2,38.3,581.11
07.12.2019,22:52,0,0,21.5,0,4.2,354,80.3,0,992.2,38.4,581.11
07.12.2019,23:07,0,0,21.5,0,4.1,354,80.2,0,989.3,38.5,581.11
07.12.2019,23:22,0,0,21.5,0,4.1,353,80.1,0,988.8,38.5,581.11
07.12.2019,23:37,0,0,21.5,0,4.1,353,80.1,0,988.5,38.6,581.11
07.12.2019,23:52,0,0,21.5,0,4.1,352,80,0,988.6,38.7,581.11
08.12.2019,00:07,0,0,21.4,0,4,351,79.9,0,988.9,38.7,581.11
08.12.2019,00:22,0,0,21.4,0,4,351,79.8,0,991.6,38.8,581.11
08.12.2019,00:37,0,0,21.4,0,4,350,79.8,0,994.4,38.9,581.11
08.12.2019,00:52,0,0,21.4,0,3.9,350,79.7,0,997.1,38.9,581.11
08.12.2019,01:07,0,0,21.4,0,3.9,349,79.6,0,999.4,39,581.11
08.12.2019,01:22,0,0,21.4,0,3.9,349,79.7,0,996.9,39,581.11
08.12.2019,01:37,0,0,21.4,0,3.9,349,79.8,0,994.1,39,581.11
08.12.2019,01:52,0,0,21.4,0,3.9,349,79.8,0,991.1,39,581.11
08.12.2019,02:07,0,0,21.3,0,3.9,349,79.9,0,988.2,39,581.11
08.12.2019,02:22,0,0,21.3,0,3.9,349,80,0,987.7,39,581.11
08.12.2019,02:37,0,0,21.3,0,3.9,349,80.1,0,987.6,39,581.11
08.12.2019,02:52,0,0,21.3,0,3.9,349,80.1,0,987.6,39,581.11
08.12.2019,03:07,0,0,21.3,0,3.9,349,80.2,0,988,39,581.11
08.12.2019,03:22,0,0,21.2,0,3.9,349,80.3,0,990.7,39,581.11
08.12.2019,03:37,0,0,21.2,0,3.9,349,80.4,0,993.6,39,581.11
08.12.2019,03:52,0,0,21.2,0,3.9,349,80.4,0,996.2,39,581.11
08.12.2019,04:07,0,0,21.2,0,3.9,349,80.5,0,998.6,39,581.11
08.12.2019,04:22,0,0,21.2,0,4,348,80.7,0,996.3,39,581.11
08.12.2019,04:37,0,0,21.2,0,4,348,80.9,0,993.7,39,581.11
08.12.2019,04:52,0,0,21.2,0,4,348,81,0,991,39.1,581.11
08.12.2019,05:07,0,0,21.3,0,4,347,81.2,0,988.3,39.1,581.11
08.12.2019,05:22,0,0,21.3,0,4,347,81.4,0,988,39.1,581.11
08.12.2019,05:37,0,0,21.3,0,4,347,81.6,0,988,39.2,581.11
08.12.2019,05:52,0,0,21.3,0,4.1,346,81.8,0,988.3,39.2,581.11
08.12.2019,06:07,7,7,21.3,18.082,4.1,346,81.9,0,988.9,39.3,581.11
08.12.2019,06:22,15,15,21.3,235.638,4.1,346,82.1,0,991.9,39.3,581.11
08.12.2019,06:37,23,23,21.4,490.928,4.1,345,82.3,0,994.9,39.3,581.11
08.12.2019,06:52,31,30,21.4,753.597,4.1,345,82.5,0,997.8,39.4,581.11
08.12.2019,07:07,37,36,21.4,981.416,4.1,345,82.6,0,1000.4,39.4,581.11
08.12.2019,07:22,42,41,21.5,1164.455,4.1,345,82.7,0,998,39.5,581.11
08.12.2019,07:37,47,46,21.6,1356.522,4.1,346,82.8,0,995.2,39.5,581.11
08.12.2019,07:52,52,51,21.7,1557.231,4.1,346,82.9,0,992.4,39.6,581.11
08.12.2019,08:07,57,56,21.7,1759.24,4.1,347,83,0,989.5,39.7,581.11
08.12.2019,08:22,62,61,21.8,1962.056,4.1,348,83.1,0,989.1,39.7,581.11
08.12.2019,08:37,67,66,21.9,2165.804,4.1,348,83.2,0,989,39.8,581.11
08.12.2019,08:52,72,70,22,2370.153,4.1,349,83.3,0,989.2,39.9,581.11
08.12.2019,09:07,77,76,22.1,2586.019,4,349,83.4,0,989.6,39.9,581.11
08.12.2019,09:22,82,81,22.2,2812.715,4,350,83.4,0,992.4,40,581.11
08.12.2019,09:37,92,90,22.3,3198.596,4,351,83.5,0,995.3,40.1,581.11
08.12.2019,09:52,104,103,22.3,3746.99,4,351,83.6,0,998.1,40.1,581.11
08.12.2019,10:07,128,127,22.4,4776.06,4,352,83.7,0,1000.5,40.2,581.11
08.12.2019,10:22,163,161,22.6,6294.442,4.2,355,83.5,0,998,40.3,581.11
08.12.2019,10:37,192,190,22.8,7565.185,4.3,358,83.2,0,995.1,40.4,581.11
08.12.2019,10:52,215,214,23,8581.729,4.5,1,83,0,992,40.5,581.11
08.12.2019,11:07,245,244,23.1,9900.5,4.7,4,82.8,0,989,40.6,581.11
08.12.2019,11:22,282,281,23.3,11517.479,4.9,7,82.5,0,988.4,40.7,581.11
08.12.2019,11:37,312,312,23.5,12835.252,5.2,9,82.3,0,988.1,40.8,581.11
08.12.2019,11:52,335,336,23.6,13857.281,5.4,11,82.1,0,988.1,40.9,581.11
08.12.2019,12:07,368,373,23.8,15437.132,5.6,13,81.8,0,988.4,41,581.11
08.12.2019,12:22,408,417,24,17269.32,5.9,14,81.6,0,991,41.1,581.11
08.12.2019,12:37,428,439,24.2,18191.527,6.1,16,81.3,0,993.7,41.2,581.11
08.12.2019,12:52,429,440,24.3,18223.385,6.4,18,81.1,0,996.3,41.3,581.11
08.12.2019,13:07,418,428,24.5,17744.949,6.6,19,80.9,0,998.5,41.4,581.11
08.12.2019,13:22,395,405,24.4,16759.871,6.5,19,81.1,0,996.1,41.5,581.11
08.12.2019,13:37,374,383,24.4,15847.838,6.5,19,81.4,0,993.3,41.5,581.11
08.12.2019,13:52,354,363,24.3,15008.689,6.4,18,81.7,0,990.4,41.5,581.11
08.12.2019,14:07,334,342,24.2,14143.992,6.3,18,82,0,987.6,41.6,581.11
08.12.2019,14:22,313,321,24.1,13251.738,6.3,18,82.3,0,987.2,41.6,581.11
08.12.2019,14:37,292,301,24,12359.135,6.2,18,82.6,0,987.1,41.7,581.11
08.12.2019,14:52,272,280,24,11468.863,6.2,18,82.8,0,987.2,41.7,581.11
08.12.2019,15:07,253,261,23.9,10632.883,6.1,18,83.1,0,987.6,41.8,581.11
08.12.2019,15:22,234,243,23.8,9846.075,6,17,83.4,0,990.3,41.8,581.11
08.12.2019,15:37,211,223,23.8,8901.299,6,17,83.7,0,993.2,41.9,581.11
08.12.2019,15:52,182,196,23.7,7623.741,5.9,17,83.9,0,995.9,41.9,581.11
08.12.2019,16:07,152,166,23.6,6208.993,5.9,17,84.2,0,998.3,42,581.11
08.12.2019,16:22,119,134,23.5,4743.155,5.7,16,84.6,0,996,42,581.11
08.12.2019,16:37,86,99,23.3,3210.205,5.6,15,85,0,993.3,42,581.11
08.12.2019,16:52,52,63,23.2,1467.986,5.4,13,85.3,0,990.5,42,581.11
08.12.2019,17:07,20,20,23,481.479,5.3,12,85.7,0,987.8,41.9,581.11
08.12.2019,17:22,0,0,22.9,0,5.2,11,86.1,0,987.5,41.9,581.11
08.12.2019,17:37,0,0,22.7,0,5,9,86.4,0,987.4,41.9,581.11
08.12.2019,17:52,0,0,22.6,0,4.9,8,86.8,0,987.6,41.9,581.11
08.12.2019,18:07,0,0,22.4,0,4.8,6,87.2,0,988.1,41.9,581.11
08.12.2019,18:22,0,0,22.3,0,4.7,4,87.6,0,991,41.9,581.11
08.12.2019,18:37,0,0,22.1,0,4.5,2,88,0,994,41.9,581.11
08.12.2019,18:52,0,0,22,0,4.4,1,88.3,0,996.9,41.9,581.11
08.12.2019,19:07,0,0,21.8,0,4.3,359,88.7,0,999.4,41.9,581.11
08.12.2019,19:22,0,0,21.8,0,4.3,358,88.7,0,997,42,581.11
08.12.2019,19:37,0,0,21.8,0,4.2,358,88.7,0,994.4,42.1,581.11
08.12.2019,19:52,0,0,21.8,0,4.2,357,88.6,0,991.5,42.2,581.11
08.12.2019,20:07,0,0,21.8,0,4.1,357,88.6,0,988.8,42.3,581.11
08.12.2019,20:22,0,0,21.8,0,4.1,357,88.6,0,988.5,42.4,581.11
08.12.2019,20:37,0,0,21.8,0,4,356,88.5,0,988.4,42.4,581.11
08.12.2019,20:52,0,0,21.8,0,4,356,88.5,0,988.6,42.5,581.11
08.12.2019,21:07,0,0,21.8,0,3.9,355,88.5,0,989.1,42.6,581.11
08.12.2019,21:22,0,0,21.8,0,3.8,355,88.5,0,992.1,42.7,581.11
08.12.2019,21:37,0,0,21.8,0,3.8,354,88.5,0,995,42.8,581.11
08.12.2019,21:52,0,0,21.8,0,3.7,354,88.4,0,997.9,42.9,581.11
08.12.2019,22:07,0,0,21.8,0,3.7,353,88.4,0,1000.4,43,581.11
08.12.2019,22:22,0,0,21.8,0,3.7,354,88.6,0,997.9,43.2,581.11
08.12.2019,22:37,0,0,21.7,0,3.7,354,88.8,0,995,43.4,581.11
08.12.2019,22:52,0,0,21.7,0,3.7,355,89,0,992.1,43.6,581.11
08.12.2019,23:07,0,0,21.7,0,3.7,355,89.2,0,989.1,43.8,581.11
08.12.2019,23:22,0,0,21.7,0,3.7,355,89.4,0,988.6,44,581.11
08.12.2019,23:37,0,0,21.7,0,3.7,356,89.6,0,988.4,44.2,581.11
08.12.2019,23:52,0,0,21.6,0,3.7,356,89.7,0,988.5,44.5,581.11
09.12.2019,00:07,0,0,21.6,0,3.7,357,89.9,0,988.8,44.7,581.11
09.12.2019,00:22,0,0,21.6,0,3.7,357,90.1,0,991.5,44.9,581.11
09.12.2019,00:37,0,0,21.6,0,3.7,358,90.3,0,994.4,45.2,581.11
09.12.2019,00:52,0,0,21.5,0,3.7,358,90.5,0,997,45.4,581.11
09.12.2019,01:07,0,0,21.5,0,3.7,358,90.7,0,999.4,45.5,581.11
09.12.2019,01:22,0,0,21.5,0,3.7,358,90.7,0,996.9,45.5,581.11
09.12.2019,01:37,0,0,21.5,0,3.8,358,90.7,0,994.1,45.5,581.11
09.12.2019,01:52,0,0,21.5,0,3.8,357,90.7,0,991.1,45.4,581.11
09.12.2019,02:07,0,0,21.5,0,3.8,357,90.7,0,988.2,45.3,581.11
09.12.2019,02:22,0,0,21.5,0,3.9,357,90.7,0,987.7,45.2,581.11
09.12.2019,02:37,0,0,21.5,0,3.9,356,90.7,0,987.6,45.2,581.11
09.12.2019,02:52,0,0,21.5,0,3.9,356,90.7,0,987.6,45.1,581.11
09.12.2019,03:07,0,0,21.5,0,4,356,90.7,0,988,45,581.11
09.12.2019,03:22,0,0,21.5,0,4,355,90.7,0,990.7,45,581.11
09.12.2019,03:37,0,0,21.5,0,4,355,90.7,0,993.5,44.9,581.11
09.12.2019,03:52,0,0,21.5,0,4.1,355,90.7,0,996.2,44.8,581.11
09.12.2019,04:07,0,0,21.5,0,4.1,355,90.7,0,998.6,44.8,581.11
09.12.2019,04:22,0,0,21.6,0,4.1,356,90.6,0,996.3,44.9,581.11
09.12.2019,04:37,0,0,21.6,0,4.1,357,90.5,0,993.7,45,581.11
09.12.2019,04:52,0,0,21.6,0,4.1,358,90.4,0,991,45.1,581.11
09.12.2019,05:07,0,0,21.7,0,4.2,359,90.4,0,988.3,45.2,581.11
09.12.2019,05:22,0,0,21.7,0,4.2,0,90.3,0,988,45.3,581.11
09.12.2019,05:37,0,0,21.8,0,4.2,1,90.2,0,988,45.4,581.11
09.12.2019,05:52,0,0,21.8,0,4.2,2,90.1,0,988.3,45.5,581.11
09.12.2019,06:07,9,9,21.8,73.738,4.2,3,90.1,0,988.9,45.6,581.11
09.12.2019,06:22,21,21,21.9,432.29,4.3,4,90,0,991.9,45.7,581.11
09.12.2019,06:37,33,33,21.9,854.595,4.3,5,89.9,0,994.9,45.8,581.11
09.12.2019,06:52,45,44,21.9,1303.069,4.3,6,89.8,0,997.8,45.9,581.11
09.12.2019,07:07,57,56,22,1779.791,4.4,7,89.7,0,1000.4,46,581.11
09.12.2019,07:22,70,68,22.1,2282.081,4.5,9,89.4,0,998,46.1,581.11
09.12.2019,07:37,82,80,22.2,2785.635,4.7,10,89,0,995.4,46.2,581.11
09.12.2019,07:52,93,92,22.3,3287.313,4.9,11,88.6,0.1,992.6,46.3,581.11
09.12.2019,08:07,106,104,22.4,3813.536,5,13,88.2,0.1,989.8,46.4,581.11
09.12.2019,08:22,119,117,22.5,4363.369,5.2,14,87.8,0.1,989.5,46.5,581.11
09.12.2019,08:37,131,129,22.6,4892.887,5.4,15,87.4,0.1,989.4,46.6,581.11
09.12.2019,08:52,142,141,22.7,5400.948,5.6,16,87.1,0.1,989.6,46.7,581.11
09.12.2019,09:07,155,153,22.8,5955.981,5.8,17,86.7,0.1,990.1,46.8,581.11
09.12.2019,09:22,169,167,22.9,6557.769,5.9,18,86.3,0.1,993,46.9,581.11
09.12.2019,09:37,186,184,23,7297.822,6.1,19,85.9,0.1,996,47,581.11
09.12.2019,09:52,206,204,23.1,8175.479,6.3,19,85.5,0.2,998.9,47.1,581.11
09.12.2019,10:07,239,237,23.2,9614.513,6.5,20,85.2,0.2,1001.3,47.2,581.11
09.12.2019,10:22,284,283,23.3,11607.458,6.6,20,84.6,0.2,998.8,47.1,581.11
09.12.2019,10:37,322,322,23.5,13271.566,6.6,20,84,0.2,995.9,47,581.11
09.12.2019,10:52,353,354,23.6,14611.43,6.7,21,83.4,0.1,992.8,46.8,581.11
09.12.2019,11:07,393,399,23.7,16531.605,6.7,21,82.8,0.1,989.8,46.7,581.11
09.12.2019,11:22,441,451,23.8,18695.596,6.8,21,82.2,0.1,989.2,46.6,581.11
09.12.2019,11:37,480,493,23.9,20454.266,6.9,21,81.6,0.1,988.9,46.5,581.11
09.12.2019,11:52,511,531,24,22011.105,6.9,21,81,0.1,988.9,46.4,581.11
09.12.2019,12:07,553,577,24.2,23890.648,7,21,80.4,0.1,989.1,46.2,581.11
09.12.2019,12:22,607,642,24.3,26473.68,7.1,21,79.8,0.1,991.8,46.1,581.11
09.12.2019,12:37,631,669,24.4,27588.391,7.1,21,79.2,0.1,994.5,46,581.11
09.12.2019,12:52,628,667,24.5,27503.93,7.2,22,78.6,0,997,45.9,581.11
09.12.2019,13:07,605,643,24.6,26558.916,7.2,22,78,0,999.3,45.8,581.11
09.12.2019,13:22,563,597,24.5,24746.422,7.2,22,78.4,0,996.8,45.8,581.11
09.12.2019,13:37,524,556,24.4,23099.641,7.2,22,78.8,0,994,45.8,581.11
09.12.2019,13:52,489,515,24.3,21447.475,7.2,22,79.3,0,991,45.8,581.11
09.12.2019,14:07,452,476,24.2,19817.748,7.2,22,79.8,0,988.1,45.8,581.11
09.12.2019,14:22,411,433,24,18019.705,7.2,23,80.2,0,987.7,45.8,581.11
09.12.2019,14:37,372,392,23.9,16296.411,7.2,23,80.6,0,987.4,45.8,581.11
09.12.2019,14:52,335,354,23.8,14653.459,7.2,23,81.1,0,987.5,45.8,581.11
09.12.2019,15:07,297,313,23.7,12874.357,7.2,23,81.5,0,987.8,45.8,581.11
09.12.2019,15:22,255,267,23.6,10880.675,7.2,23,81.9,0,990.5,45.8,581.11
09.12.2019,15:37,218,231,23.5,9259.047,7.2,24,82.4,0,993.3,45.8,581.11
09.12.2019,15:52,185,198,23.4,7740.34,7.2,24,82.8,0,996,45.8,581.11
09.12.2019,16:07,152,165,23.3,6211.92,7.2,24,83.2,0,998.3,45.8,581.11
09.12.2019,16:22,119,134,23.1,4756.756,7,23,83.6,0,996.1,45.8,581.11
09.12.2019,16:37,86,99,23,3230.99,6.7,22,83.9,0,993.5,45.8,581.11
09.12.2019,16:52,53,63,22.8,1485.877,6.4,21,84.2,0,990.8,45.8,581.11
09.12.2019,17:07,21,20,22.7,494.071,6.2,19,84.5,0,988.1,45.8,581.11
09.12.2019,17:22,0,0,22.5,0,5.9,18,84.8,0,987.9,45.8,581.11
09.12.2019,17:37,0,0,22.3,0,5.7,16,85.1,0,987.9,45.8,581.11
09.12.2019,17:52,0,0,22.2,0,5.4,15,85.4,0,988.2,45.8,581.11
09.12.2019,18:07,0,0,22,0,5.2,13,85.8,0,988.8,45.7,581.11
09.12.2019,18:22,0,0,21.9,0,5,11,86.1,0,991.8,45.7,581.11
09.12.2019,18:37,0,0,21.7,0,4.7,9,86.4,0,994.9,45.7,581.11
09.12.2019,18:52,0,0,21.5,0,4.5,6,86.7,0,997.8,45.7,581.11
09.12.2019,19:07,0,0,21.4,0,4.3,4,87,0,1000.4,45.7,581.11
09.12.2019,19:22,0,0,21.4,0,4.3,3,87,0,998.1,45.7,581.11
09.12.2019,19:37,0,0,21.3,0,4.3,2,87.1,0,995.4,45.7,581.11
09.12.2019,19:52,0,0,21.3,0,4.2,2,87.1,0,992.6,45.7,581.11
09.12.2019,20:07,0,0,21.3,0,4.2,1,87.1,0,989.8,45.7,581.11
09.12.2019,20:22,0,0,21.3,0,4.2,1,87.1,0,989.5,45.7,581.11
09.12.2019,20:37,0,0,21.3,0,4.2,360,87.1,0,989.4,45.7,581.11
09.12.2019,20:52,0,0,21.2,0,4.2,359,87.2,0,989.6,45.7,581.11
09.12.2019,21:07,0,0,21.2,0,4.2,359,87.2,0,990.1,45.7,581.11
09.12.2019,21:22,0,0,21.2,0,4.1,358,87.2,0,993.1,45.7,581.11
09.12.2019,21:37,0,0,21.2,0,4.1,357,87.2,0,996.1,45.7,581.11
09.12.2019,21:52,0,0,21.2,0,4.1,356,87.2,0,998.9,45.7,581.11
09.12.2019,22:07,0,0,21.1,0,4.1,356,87.3,0,1001.4,45.7,581.11
09.12.2019,22:22,0,0,21.1,0,4.1,355,87.3,0,998.8,45.7,581.11
09.12.2019,22:37,0,0,21.1,0,4.1,354,87.4,0,995.9,45.7,581.11
09.12.2019,22:52,0,0,21,0,4.1,354,87.5,0,992.8,45.7,581.11
09.12.2019,23:07,0,0,21,0,4.1,353,87.6,0,989.8,45.7,581.11
09.12.2019,23:22,0,0,21,0,4.2,352,87.6,0,989.2,45.7,581.11
09.12.2019,23:37,0,0,20.9,0,4.2,352,87.7,0,988.9,45.7,581.11
09.12.2019,23:52,0,0,20.9,0,4.2,351,87.8,0,988.9,45.7,581.11
10.12.2019,00:07,0,0,20.9,0,4.2,350,87.9,0,989.1,45.7,581.11
10.12.2019,00:22,0,0,20.8,0,4.2,350,88,0,991.8,45.7,581.11
10.12.2019,00:37,0,0,20.8,0,4.2,349,88,0,994.5,45.7,581.11
10.12.2019,00:52,0,0,20.7,0,4.2,348,88.1,0,997.1,45.7,581.11
10.12.2019,01:07,0,0,20.7,0,4.3,348,88.2,0,999.4,45.7,581.11
10.12.2019,01:22,0,0,20.7,0,4.2,348,88.2,0,996.9,45.7,581.11
10.12.2019,01:37,0,0,20.8,0,4.2,349,88.2,0,994,45.6,581.11
10.12.2019,01:52,0,0,20.8,0,4.2,349,88.2,0,991.1,45.5,581.11
10.12.2019,02:07,0,0,20.8,0,4.2,350,88.2,0,988.1,45.4,581.11
10.12.2019,02:22,0,0,20.9,0,4.2,350,88.2,0,987.6,45.3,581.11
10.12.2019,02:37,0,0,20.9,0,4.2,350,88.2,0,987.4,45.2,581.11
10.12.2019,02:52,0,0,20.9,0,4.2,351,88.2,0,987.5,45.1,581.11
10.12.2019,03:07,0,0,20.9,0,4.2,351,88.2,0,987.8,45.1,581.11
10.12.2019,03:22,0,0,21,0,4.2,352,88.2,0,990.5,45,581.11
10.12.2019,03:37,0,0,21,0,4.1,352,88.2,0,993.4,44.9,581.11
10.12.2019,03:52,0,0,21,0,4.1,353,88.2,0,996,44.8,581.11
10.12.2019,04:07,0,0,21,0,4.1,353,88.2,0,998.4,44.7,581.11
10.12.2019,04:22,0,0,21.1,0,4.1,354,88,0,996.1,44.7,581.11
10.12.2019,04:37,0,0,21.1,0,4.1,354,87.7,0,993.5,44.6,581.11
10.12.2019,04:52,0,0,21.2,0,4.1,354,87.5,0,990.7,44.5,581.11
10.12.2019,05:07,0,0,21.2,0,4,354,87.3,0,988.1,44.5,581.11
10.12.2019,05:22,0,0,21.3,0,4,354,87,0,987.8,44.4,581.11
10.12.2019,05:37,0,0,21.3,0,4,355,86.8,0,987.8,44.4,581.11
10.12.2019,05:52,0,0,21.4,0,4,355,86.6,0,988.1,44.3,581.11
10.12.2019,06:07,17,17,21.4,288.72,4,355,86.4,0,988.7,44.2,581.11
10.12.2019,06:22,41,42,21.4,1118.599,3.9,355,86.1,0,991.7,44.2,581.11
10.12.2019,06:37,66,68,21.5,2213.005,3.9,356,85.9,0,994.7,44.1,581.11
10.12.2019,06:52,93,96,21.5,3385.72,3.9,356,85.7,0,997.6,44,581.11
10.12.2019,07:07,129,133,21.6,4990.025,3.9,356,85.4,0,1000.2,44,581.11
10.12.2019,07:22,173,179,21.8,7027.887,4,359,85,0,997.8,44,581.11
10.12.2019,07:37,216,223,22,8989.359,4.1,2,84.5,0,995.1,44,581.11
10.12.2019,07:52,256,265,22.2,10856.339,4.2,4,84,0,992.2,44.1,581.11
10.12.2019,08:07,300,313,22.5,12927.406,4.4,6,83.5,0,989.3,44.1,581.11
10.12.2019,08:22,347,361,22.7,15035.075,4.5,8,83,0,988.9,44.2,581.11
10.12.2019,08:37,390,407,22.9,16994.24,4.7,10,82.5,0,988.8,44.2,581.11
10.12.2019,08:52,431,450,23.1,18811.906,4.9,12,82,0,989,44.3,581.11
10.12.2019,09:07,475,497,23.3,20797.938,5,14,81.5,0,989.4,44.3,581.11
10.12.2019,09:22,525,554,23.5,23102.016,5.2,16,81,0,992.2,44.4,581.11
10.12.2019,09:37,563,595,23.7,24746.133,5.4,17,80.5,0,995.1,44.4,581.11
10.12.2019,09:52,591,625,24,25901.785,5.5,19,80,0,997.9,44.4,581.11
10.12.2019,10:07,610,644,24.1,26645.156,5.7,20,79.5,0,1000.3,44.5,581.11
10.12.2019,10:22,619,654,24.2,26993.928,5.7,20,79.3,0,997.7,44.5,581.11
10.12.2019,10:37,630,665,24.3,27387.91,5.7,21,79.1,0,994.8,44.5,581.11
10.12.2019,10:52,640,676,24.3,27826.812,5.7,21,78.9,0,991.8,44.4,581.11
10.12.2019,11:07,652,689,24.4,28325.311,5.7,21,78.7,0,988.8,44.4,581.11
10.12.2019,11:22,665,703,24.4,28882.18,5.7,21,78.5,0,988.2,44.4,581.11
10.12.2019,11:37,676,715,24.5,29345.578,5.7,22,78.3,0,987.9,44.4,581.11
10.12.2019,11:52,684,725,24.5,29716.262,5.7,22,78.1,0,987.9,44.4,581.11
10.12.2019,12:07,697,740,24.6,30298.246,5.7,22,77.9,0,988.1,44.4,581.11
10.12.2019,12:22,714,764,24.6,31258.52,5.6,23,77.7,0,990.8,44.3,581.11
10.12.2019,12:37,716,767,24.7,31378.355,5.6,23,77.5,0,993.5,44.3,581.11
10.12.2019,12:52,701,752,24.8,30823.826,5.6,23,77.3,0,996,44.3,581.11
10.12.2019,13:07,672,722,24.8,29671.168,5.6,23,77.1,0,998.3,44.3,581.11
10.12.2019,13:22,630,672,24.7,27754.916,5.6,23,77.4,0,995.8,44.3,581.11
10.12.2019,13:37,591,631,24.6,26144.336,5.5,23,77.8,0,993,44.2,581.11
10.12.2019,13:52,556,594,24.5,24677.031,5.4,22,78.1,0,990,44.2,581.11
10.12.2019,14:07,518,555,24.4,23082.033,5.4,22,78.5,0,987.1,44.1,581.11
10.12.2019,14:22,478,513,24.3,21353.531,5.3,21,78.9,0,986.7,44.1,581.11
10.12.2019,14:37,440,473,24.1,19683.35,5.3,21,79.2,0,986.4,44,581.11
10.12.2019,14:52,403,435,24,18070.455,5.2,20,79.6,0,986.5,44,581.11
10.12.2019,15:07,365,396,23.9,16395.01,5.2,20,79.9,0,986.8,43.9,581.11
10.12.2019,15:22,326,357,23.8,14650.989,5.1,19,80.3,0,989.5,43.9,581.11
10.12.2019,15:37,287,317,23.7,12808.141,5.1,19,80.6,0,992.3,43.8,581.11
10.12.2019,15:52,246,278,23.6,10969.386,5,18,81,0,995,43.8,581.11
10.12.2019,16:07,204,234,23.5,8901.21,4.9,18,81.4,0,997.3,43.7,581.11
10.12.2019,16:22,160,188,23.4,6768.457,4.8,17,81.8,0,995,43.7,581.11
10.12.2019,16:37,116,138,23.2,4619.985,4.7,16,82.2,0,992.5,43.6,581.11
10.12.2019,16:52,71,89,23,2122.606,4.6,15,82.6,0,989.8,43.5,581.11
10.12.2019,17:07,25,25,22.8,741.969,4.4,14,83,0,987.1,43.4,581.11
10.12.2019,17:22,0,0,22.7,0,4.3,12,83.4,0,986.9,43.3,581.11
10.12.2019,17:37,0,0,22.5,0,4.2,11,83.8,0,986.9,43.3,581.11
10.12.2019,17:52,0,0,22.3,0,4.1,10,84.2,0,987.2,43.2,581.11
10.12.2019,18:07,0,0,22.2,0,4,8,84.6,0,987.8,43.1,581.11
10.12.2019,18:22,0,0,22,0,3.9,7,85,0,990.8,43,581.11
10.12.2019,18:37,0,0,21.8,0,3.7,5,85.4,0,993.9,42.9,581.11
10.12.2019,18:52,0,0,21.6,0,3.6,4,85.8,0,996.8,42.8,581.11
10.12.2019,19:07,0,0,21.5,0,3.5,2,86.2,0,999.4,42.8,581.11
10.12.2019,19:22,0,0,21.4,0,3.5,1,86.2,0,997,42.8,581.11
10.12.2019,19:37,0,0,21.4,0,3.4,359,86.2,0,994.2,42.9,581.11
10.12.2019,19:52,0,0,21.3,0,3.4,358,86.3,0,991.3,43,581.11
10.12.2019,20:07,0,0,21.3,0,3.3,356,86.3,0,988.5,43.1,581.11
10.12.2019,20:22,0,0,21.3,0,3.3,355,86.3,0,988.1,43.2,581.11
10.12.2019,20:37,0,0,21.2,0,3.2,353,86.3,0,987.9,43.3,581.11
10.12.2019,20:52,0,0,21.2,0,3.2,352,86.3,0,988.1,43.4,581.11
10.12.2019,21:07,0,0,21.1,0,3.2,350,86.3,0,988.5,43.5,581.11
10.12.2019,21:22,0,0,21.1,0,3.1,348,86.4,0,991.3,43.5,581.11
10.12.2019,21:37,0,0,21,0,3.1,347,86.4,0,994.2,43.6,581.11
10.12.2019,21:52,0,0,21,0,3.1,345,86.4,0,997,43.7,581.11
10.12.2019,22:07,0,0,20.9,0,3,343,86.4,0,999.4,43.8,581.11
10.12.2019,22:22,0,0,20.9,0,3,344,86.4,0,996.9,43.8,581.11
10.12.2019,22:37,0,0,20.9,0,3,344,86.3,0,994,43.8,581.11
10.12.2019,22:52,0,0,20.9,0,3.1,344,86.3,0,991.1,43.8,581.11
10.12.2019,23:07,0,0,20.9,0,3.1,345,86.2,0,988.1,43.8,581.11
10.12.2019,23:22,0,0,20.9,0,3.1,345,86.1,0,987.6,43.9,581.11
10.12.2019,23:37,0,0,20.9,0,3.1,346,86.1,0,987.4,43.9,581.11
10.12.2019,23:52,0,0,20.9,0,3.1,346,86,0,987.5,43.9,581.11
11.12.2019,00:07,0,0,20.9,0,3.1,346,86,0,987.8,43.9,581.11
11.12.2019,00:22,0,0,20.9,0,3.1,347,85.9,0,990.6,43.9,581.11
11.12.2019,00:37,0,0,20.9,0,3.1,347,85.8,0,993.4,43.9,581.11
11.12.2019,00:52,0,0,20.9,0,3.1,347,85.8,0,996,44,581.11
11.12.2019,01:07,0,0,20.9,0,3.1,348,85.7,0,998.4,44,581.11
11.12.2019,01:22,0,0,20.9,0,3.1,348,85.7,0,995.9,44,581.11
11.12.2019,01:37,0,0,20.9,0,3.1,347,85.7,0,993,43.9,581.11
11.12.2019,01:52,0,0,20.9,0,3.1,347,85.7,0,990.1,43.9,581.11
11.12.2019,02:07,0,0,20.9,0,3.1,347,85.6,0,987.1,43.9,581.11
11.12.2019,02:22,0,0,21,0,3.1,347,85.6,0,986.6,43.9,581.11
11.12.2019,02:37,0,0,21,0,3.1,347,85.6,0,986.4,43.9,581.11
11.12.2019,02:52,0,0,21,0,3.1,347,85.6,0,986.5,43.9,581.11
11.12.2019,03:07,0,0,21,0,3.1,346,85.6,0,986.8,43.8,581.11
11.12.2019,03:22,0,0,21,0,3.1,346,85.5,0,989.5,43.8,581.11
11.12.2019,03:37,0,0,21,0,3.1,346,85.5,0,992.3,43.8,581.11
11.12.2019,03:52,0,0,21,0,3.2,346,85.5,0,995,43.8,581.11
11.12.2019,04:07,0,0,21.1,0,3.2,346,85.5,0,997.4,43.8,581.11
11.12.2019,04:22,0,0,21.1,0,3.2,347,85.6,0,995.1,43.8,581.11
11.12.2019,04:37,0,0,21.1,0,3.2,347,85.7,0,992.5,43.8,581.11
11.12.2019,04:52,0,0,21.1,0,3.2,348,85.9,0,989.8,43.9,581.11
11.12.2019,05:07,0,0,21.1,0,3.2,349,86,0,987.1,43.8,581.11
11.12.2019,05:22,0,0,21.1,0,3.2,350,86.1,0,986.9,43.8,581.11
11.12.2019,05:37,0,0,21.1,0,3.2,351,86.2,0,986.9,43.8,581.11
11.12.2019,05:52,0,0,21.1,0,3.2,351,86.4,0,987.2,43.8,581.11
11.12.2019,06:07,4,4,21.1,0,3.2,352,86.5,0,987.8,43.9,581.11
11.12.2019,06:22,9,9,21.1,72.034,3.2,353,86.7,0,990.8,44.1,581.11
11.12.2019,06:37,20,20,21.1,389.076,3.3,354,86.8,0,993.9,44.3,581.11
11.12.2019,06:52,37,36,21.1,971.954,3.3,354,87,0,996.8,44.3,581.11
11.12.2019,07:07,77,77,21.2,2639.365,3.3,355,87,0,999.4,44,581.11
11.12.2019,07:22,142,145,21.3,5574.89,3.8,358,85.6,0,996.9,42.1,581.11
11.12.2019,07:37,200,206,21.5,8266.945,4.3,1,84.1,0,994,40,581.11
11.12.2019,07:52,251,260,21.7,10635.764,4.8,3,82.6,0,991,37.9,581.11
11.12.2019,08:07,300,313,21.8,12961.817,5.3,5,81.1,0,988.1,36,581.11
11.12.2019,08:22,346,361,21.9,15086.018,5.4,5,81.1,0,987.9,35.6,581.11
11.12.2019,08:37,390,407,21.9,17067.428,5.4,5,81.1,0,987.9,35.6,581.11
11.12.2019,08:52,430,450,21.9,18913.039,5.3,5,81.1,0,988,35.8,581.11
11.12.2019,09:07,475,498,21.8,20930.674,5.3,5,81.1,0,988.1,36,581.11
11.12.2019,09:22,525,554,21.8,23270.723,5.3,4,81.1,0,988.2,36.1,581.11
11.12.2019,09:37,563,595,21.8,24950.785,5.3,4,81.1,0,988.2,36.1,581.11
11.12.2019,09:52,591,625,21.8,26140.566,5.3,5,81.1,0,988.2,36.1,581.11
11.12.2019,10:07,610,644,21.8,26911.754,5.3,5,81.1,0,988.1,36,581.11
11.12.2019,10:22,619,654,21.8,27271.275,5.3,5,81.1,0,988.1,36,581.11
11.12.2019,10:37,629,665,21.8,27675.6,5.3,5,81.1,0,988.1,36,581.11
11.12.2019,10:52,640,676,21.8,28125.471,5.3,5,81.1,0,988.1,36,581.11
11.12.2019,11:07,652,689,21.8,28634.111,5.3,5,81.1,0,988.1,36,581.11
11.12.2019,11:22,665,703,21.8,29201.268,5.3,5,81.1,0,988.1,36,581.11
11.12.2019,11:37,675,715,21.8,29676.115,5.3,5,81.1,0,988.1,36,581.11
11.12.2019,11:52,684,725,21.8,30059.404,5.3,5,81.1,0,988.1,36,581.11
11.12.2019,12:07,697,740,21.8,30656.414,5.3,5,81.1,0,988.1,36,581.11
11.12.2019,12:22,714,764,21.8,31636.623,5.3,5,81.1,0,988.1,36,581.11
11.12.2019,12:37,715,767,21.8,31766.174,5.3,5,81.1,0,988.1,36,581.11
11.12.2019,12:52,701,752,21.8,31211.484,5.3,5,81.1,0,988.1,36,581.11
11.12.2019,13:07,672,722,21.8,30046.943,5.3,5,81.1,0,988.1,36,581.11
11.12.2019,13:22,630,672,21.8,28094.494,5.3,5,81.1,0,988.1,36,581.11
11.12.2019,13:37,591,631,21.8,26450.934,5.3,5,81.1,0,988.1,36,581.11
11.12.2019,13:52,556,594,21.8,24952.906,5.3,5,81.1,0,988.1,36,581.11
11.12.2019,14:07,518,555,21.8,23328.203,5.3,5,81.1,0,988.1,36,581.11
11.12.2019,14:22,478,513,21.8,21571.791,5.3,5,81.1,0,988.1,36,581.11
11.12.2019,14:37,439,472,21.8,19874.49,5.3,5,81.1,0,988.1,36,581.11
11.12.2019,14:52,402,434,21.8,18235.363,5.3,5,81.1,0,988.1,36,581.11
11.12.2019,15:07,365,396,21.8,16533.629,5.3,5,81.1,0,988.1,36,581.11
11.12.2019,15:22,326,357,21.8,14763.24,5.3,5,81.1,0,988.1,36,581.11
11.12.2019,15:37,286,317,21.8,12901.55,5.3,5,81.1,0,988.1,36,581.11
11.12.2019,15:52,246,278,21.8,11051.76,5.3,5,81.1,0,988.1,36,581.11
11.12.2019,16:07,204,234,21.8,8973.843,5.3,5,81.1,0,988.1,36,581.11
11.12.2019,16:22,161,188,21.8,6831.758,5.3,5,81.1,0,988.1,36,581.11
11.12.2019,16:37,117,139,21.8,4672.82,5.3,5,81.1,0,988.1,36,581.11
11.12.2019,16:52,72,90,21.8,2154.222,5.3,5,81.1,0,988.1,36,581.11
11.12.2019,17:07,26,25,21.8,765.154,5.3,5,81.1,0,988.1,36,581.11
11.12.2019,17:22,0,0,21.8,0,5.3,5,81.1,0,988.1,36,581.11
11.12.2019,17:37,0,0,21.8,0,5.3,5,81.1,0,988.1,36,581.11
11.12.2019,17:52,0,0,21.8,0,5.3,5,81.1,0,988.1,36,581.11
11.12.2019,18:07,0,0,21.8,0,5.3,5,81.1,0,988.1,36,581.11
11.12.2019,18:22,0,0,21.8,0,5.3,5,81.1,0,988.1,36,581.11
11.12.2019,18:37,0,0,21.8,0,5.3,5,81.1,0,988.1,36,581.11
11.12.2019,18:52,0,0,21.8,0,5.3,5,81.1,0,988.1,36,581.11
11.12.2019,19:07,0,0,21.8,0,5.3,5,81.1,0,988.1,36,581.11
11.12.2019,19:22,0,0,21.8,0,5.3,5,81.1,0,988.1,36,581.11
11.12.2019,19:37,0,0,21.8,0,5.3,5,81.1,0,988.1,36,581.11
11.12.2019,19:52,0,0,21.8,0,5.3,5,81.1,0,988.1,36,581.11
11.12.2019,20:07,0,0,21.8,0,5.3,5,81.1,0,988.1,36,581.11
11.12.2019,20:22,0,0,21.8,0,5.3,5,81.1,0,988.1,36,581.11
11.12.2019,20:37,0,0,21.8,0,5.3,5,81.1,0,988.1,36,581.11
11.12.2019,20:52,0,0,21.8,0,5.3,5,81.1,0,988.1,36,581.11
11.12.2019,21:07,0,0,21.8,0,5.3,5,81.1,0,988.1,36,581.11
11.12.2019,21:22,0,0,21.8,0,5.3,5,81.1,0,988.1,36,581.11
11.12.2019,21:37,0,0,21.8,0,5.3,5,81.1,0,988.1,36,581.11
11.12.2019,21:52,0,0,21.8,0,5.3,5,81.1,0,988.1,36,581.11
11.12.2019,22:07,0,0,21.8,0,5.3,5,81.1,0,988.1,36,581.11
11.12.2019,22:22,0,0,21.8,0,5.3,5,81.1,0,988.1,36,581.11
11.12.2019,22:37,0,0,21.8,0,5.3,5,81.1,0,988.1,36,581.11
11.12.2019,22:52,0,0,21.8,0,5.3,5,81.1,0,988.1,36,581.11
11.12.2019,23:07,0,0,21.8,0,5.3,5,81.1,0,988.1,36,581.11
11.12.2019,23:22,0,0,21.8,0,5.3,5,81.1,0,988.1,36,581.11
11.12.2019,23:37,0,0,21.8,0,5.3,5,81.1,0,988.1,36,581.11
11.12.2019,23:52,0,0,21.8,0,5.3,5,81.1,0,988.1,36,581.11